time limit,dim,keep,num_feat,num_item,num_data_train,jobtype,step_mu,num_iter_mu,method,lr,best_relat_regret,best_epoch,epoch,patience,tl,mean_relat_eval,std_relat_eval,mean_relat_test,std_relat_test
30,10,1,12,100,200,cla,0,0,IMLE,0.001,0.35932482807026306,4,4,5,30,0.35932482905685903,0.11469014939826837,0.35806453444063663,0.10388113634599663
30,10,1,12,100,200,MSE,0,0,IMLE,0.001,0.30996613837278403,3506,3506,5,30,0.30996613927185535,0.08585831156446051,0.3103767068237066,0.07939380588158929
60,10,1,12,100,200,cla,0,0,IMLE,0.001,0.360763796614676,10,10,5,60,0.360763798058033,0.09907681976520619,0.36287723855674264,0.10150046286000153
30,10,1,12,100,200,cla,0,0,IMLE,0.01,0.2934203524203949,3,3,5,30,0.2934203526377678,0.08081882871103784,0.29827954651787875,0.0823768613668567
60,10,1,12,100,200,MSE,0,0,IMLE,0.001,0.296862386196797,7110,7110,5,60,0.29686238631606104,0.08986378253884625,0.29601437599956987,0.08083112199176999
30,10,1,12,100,200,MSE,0,0,IMLE,0.01,0.12395063858495087,3356,3356,5,30,0.12395063904114068,0.16004355560424002,0.1277230760511011,0.1603873896064823
300,10,1,12,100,200,cla,0,0,IMLE,0.001,0.278320717826181,36,36,5,300,0.2783207195997238,0.08352618297693563,0.27216852785646917,0.07504390503672989
300,10,1,12,100,200,MSE,0,0,IMLE,0.001,0.2153478743381097,35197,35197,5,300,0.2153478752821684,0.10829811150994252,0.2277140271924436,0.10647903482801278
600,10,1,12,100,200,cla,0,0,IMLE,0.001,0.2163179470671765,64,64,5,600,0.21631794780492783,0.06561782036580463,0.22469634679704906,0.06993789353858311
600,10,1,12,100,200,MSE,0,0,IMLE,0.001,0.1533851504154749,72766,72766,5,600,0.15338515065610409,0.13137515027242805,0.16473963009379805,0.13664617888011207
3600,10,1,12,100,200,SG,1,5,IMLE,0.001,0.3173973989349459,713,714,5,3600,0.3173973996192217,0.09949841640406687,0.2999131392017007,0.08850814663625056
3600,10,1,12,100,200,cla,0,0,IMLE,0.1,0.03913573423062761,326,326,5,3600,0.03913573449943215,0.03233541773660942,0.04059665937046521,0.04317343835607865
3600,10,1,12,100,200,cla,0,0,IMLE,0.01,0.043040765021196234,183,183,5,3600,0.04304076487198472,0.044068701028895534,0.043976246823789554,0.05328473975455048
3600,10,1,12,100,200,cla,0,0,IMLE,0.001,0.19367462149137007,281,281,5,3600,0.1936746222525835,0.0581065212841435,0.18329786285758018,0.060736683460281285
3600,10,1,12,100,200,SG,1,10,IMLE,0.001,0.28365156898831123,182,183,5,3600,0.28365157030522825,0.08973303783580146,0.30043564025312663,0.08952214002837444
3600,10,1,12,100,200,cla,0,0,SPOPlus,0.001,0.13025934547485402,10507,10507,5,3600,0.1302593458816409,0.0491645668540881,0.13390458892844617,0.0528467265517818
3600,10,1,12,100,200,SG,1,30,IMLE,0.001,0.3187975392676366,62,63,5,3600,0.3187975385040045,0.10017806776055113,0.31748031881451605,0.09742283805738232
3600,10,1,12,100,200,cla,0,0,SPOPlus,0.01,0.034520340375168164,251,251,5,3600,0.03452034037560225,0.035093992985782245,0.03732845253916457,0.04980856328199621
3600,10,1,12,100,200,cla,0,0,SPOPlus,0.1,0.030392378079591244,101,101,5,3600,0.030392378182150424,0.014894712628140752,0.02928227163874544,0.020905537900293737
3600,10,1,12,100,200,SG,10,5,IMLE,0.001,0.2366632693409721,2006,2007,5,3600,0.23666326992213726,0.07341347365970399,0.24081351954117416,0.07193162291721468
3600,10,1,12,100,200,SG,1,50,IMLE,0.001,0.3284645801160353,63,64,5,3600,0.32846458166837694,0.0967613687251239,0.3234076763764024,0.09019681428154445
3600,10,1,12,100,200,SG,30,5,IMLE,0.001,0.16867360714208213,4356,4357,5,3600,0.16867360774427653,0.06410259896384653,0.17914440551772715,0.06834015240829207
3600,10,1,12,100,200,SG,30,10,IMLE,0.001,0.19595102903866324,3673,3674,5,3600,0.19595102980732917,0.06322129139897964,0.2056244899109006,0.07251654822344238
3600,10,1,12,100,200,SG,10,10,IMLE,0.001,0.22125318008736275,1299,1300,5,3600,0.22125318057835103,0.07085952077616564,0.22105451309680937,0.07612722401976356
3600,10,1,12,100,200,SG,10,30,IMLE,0.001,0.25072656315073516,559,560,5,3600,0.2507265632972121,0.08409055587205247,0.24656580413505436,0.08255557421517537
3600,10,1,12,100,200,SG,50,10,IMLE,0.001,0.1950071441426535,2928,2929,5,3600,0.195007144510746,0.07000317188533854,0.19728328220173716,0.07649375149780528
3600,10,1,12,100,200,SG,50,5,IMLE,0.001,0.2207948786251571,3549,3550,5,3600,0.22079487908631562,0.06640725256123406,0.21936889742314816,0.07050267774576863
3600,10,1,12,100,200,SG,30,30,IMLE,0.001,0.1916804778878999,1289,1290,5,3600,0.19168047815561295,0.06267054753337968,0.1933765720464289,0.06472836955114918
3600,10,1,12,100,200,SG,10,50,IMLE,0.001,0.2925090471065225,739,740,5,3600,0.292509047165513,0.08318974787158767,0.2879587102979422,0.0800050286954664
3600,10,1,12,100,200,SG,50,30,IMLE,0.001,0.13278190672724022,2949,2950,5,3600,0.13278190691024064,0.05048556255647305,0.1344808123316616,0.05734333635476857
3600,10,1,12,100,200,SG,50,50,IMLE,0.001,0.1268440834638021,2349,2350,5,3600,0.1268440844491124,0.039391985957982524,0.1276620616298169,0.04602145397579774
3600,10,1,12,100,200,SG,30,50,IMLE,0.001,0.1851765419754944,899,900,5,3600,0.18517654310911894,0.05928299809565819,0.1797773228548467,0.05957125722911877
3600,10,1,12,100,200,SG,1,10,IMLE,0.01,0.07252089172082883,371,372,5,3600,0.07252089217305184,0.03338703544991274,0.07096089960820973,0.03693062637637959
3600,10,1,12,100,200,SG,30,5,IMLE,0.01,0.13266949566128333,3122,3123,5,3600,0.1326694966852665,0.07709030107590074,0.13935698934923857,0.08069988744741774
3600,10,1,12,100,200,SG,1,5,IMLE,0.01,0.07920279602682564,700,701,5,3600,0.07920279624871909,0.04304832651085529,0.08338774503907188,0.04703702038258169
3600,10,1,12,100,200,SG,10,30,IMLE,0.01,0.08513831125810972,1089,1090,5,3600,0.08513831168413162,0.043593860142765985,0.08740319361677393,0.04998877702461479
3600,10,1,12,100,200,SG,10,5,IMLE,0.01,0.0965454940487461,2304,2305,5,3600,0.09654549438506364,0.03977224229819701,0.09535867864452302,0.04001694030402094
3600,10,1,12,100,200,SG,10,10,IMLE,0.01,0.10011678596706323,1599,1600,5,3600,0.1001167867332697,0.04349545388973204,0.10018611528724432,0.04262571028430826
3600,10,1,12,100,200,SG,30,10,IMLE,0.01,0.12257657480573556,2999,3000,5,3600,0.1225765757355839,0.06551879698967279,0.12689852736052126,0.07065105250977519
3600,10,1,12,100,200,SG,10,50,IMLE,0.01,0.06972695796362785,339,340,5,3600,0.06972695822827518,0.03383182115191695,0.0708264883281663,0.038400218658187685
3600,10,1,12,100,200,SG,1,30,IMLE,0.01,0.14519635201670403,70,71,5,3600,0.14519635248929263,0.04656501826959544,0.14466650686971844,0.049722501154374946
3600,10,1,12,100,200,SG,1,50,IMLE,0.01,0.21263036409481423,79,80,5,3600,0.21263036444783212,0.07903258628480311,0.2131254003793001,0.07412140891864662
3600,10,1,12,100,200,MSE,0,0,IMLE,0.1,0.09290027611962394,367346,367346,5,3600,0.09290027651004493,0.11351987813533619,0.08999521717242896,0.12308463657134247
3600,10,1,12,100,200,SG,30,50,IMLE,0.01,0.07795677930657932,1696,1697,5,3600,0.07795677987858653,0.03813999873173144,0.08039633555570617,0.04665437776762291
3600,10,1,12,100,200,SG,30,30,IMLE,0.01,0.08602784807980349,2249,2250,5,3600,0.08602784821763634,0.043087196948383186,0.08715255627967418,0.04421588494878899
3600,10,1,12,100,200,SG,50,5,IMLE,0.01,0.12418801042062104,4472,4473,5,3600,0.12418801134452223,0.06606646207787714,0.131760835214518,0.07227715463158468
3600,10,1,12,100,200,SG,50,10,IMLE,0.01,0.12023373916653826,3998,3999,5,3600,0.1202337396889925,0.05790375068721141,0.11980257980711759,0.05837436892332594
3600,10,1,12,100,200,SG,50,50,IMLE,0.01,0.07796019835204551,2349,2350,5,3600,0.07796019831672311,0.03761767107435282,0.07900618253927678,0.04234215541755011
3600,10,1,12,100,200,SG,50,30,IMLE,0.01,0.08045763526342001,2900,2901,5,3600,0.08045763541013003,0.03886759955226795,0.08136302859848366,0.038189752904780605
3600,10,1,12,100,200,SG,1,5,IMLE,0.1,0.08766815591080251,701,702,5,3600,0.08766815636307002,0.03415255282340051,0.08421904153749346,0.03507520283185347
3600,10,1,12,100,200,SG,1,10,IMLE,0.1,0.07311634050911123,377,378,5,3600,0.07311634099110961,0.030928054814863718,0.07293268270976841,0.03153516269007094
3600,10,1,12,100,200,SG,1,30,IMLE,0.1,0.07698145927358503,135,136,5,3600,0.0769814594835043,0.03650735520446226,0.07304712748015299,0.03463534246916906
3600,10,1,12,100,200,SG,1,50,IMLE,0.1,0.06328742992578767,49,50,5,3600,0.0632874302752316,0.026039594626759387,0.0595895060566254,0.02693717452326093
3600,10,1,12,100,200,SG,10,5,IMLE,0.1,0.09812876170751865,3244,3245,5,3600,0.0981287620589137,0.037723567143075364,0.09832005602307618,0.04139987226931024
3600,10,1,12,100,200,SG,10,50,IMLE,0.1,0.06797598266963584,726,727,5,3600,0.06797598293051124,0.026791198360728977,0.06965971979591995,0.028951816189800684
3600,10,1,12,100,200,SG,30,5,IMLE,0.1,0.09942061561501812,3165,3166,5,3600,0.09942061604931951,0.039133109588624766,0.10219467806629837,0.04508906264700876
3600,10,1,12,100,200,SG,10,10,IMLE,0.1,0.09816532904919634,1369,1370,5,3600,0.09816532965749503,0.03886726487726337,0.09540536427497864,0.03871625423590908
3600,10,1,12,100,200,SG,10,30,IMLE,0.1,0.08158210359628484,589,590,5,3600,0.08158210396766663,0.034148885431418,0.0809784136917442,0.034121465956015055
3600,10,1,12,100,200,SG,1,5,SPOPlus,0.001,0.25837899697527944,360,361,5,3600,0.25837899938225745,0.08669752814063562,0.25713811502978207,0.08260923679463421
3600,10,1,12,100,200,SG,30,10,IMLE,0.1,0.08623186953399314,3516,3517,5,3600,0.08623186968266965,0.031926925605783495,0.08516657576151192,0.03445380264834332
3600,10,1,12,100,200,SG,30,30,IMLE,0.1,0.0746990643989892,1379,1380,5,3600,0.07469906472600997,0.030699165417046214,0.07520118705835194,0.030930022345222418
3600,10,1,12,100,200,SG,1,10,SPOPlus,0.001,0.2820288829812817,185,186,5,3600,0.2820288838818669,0.08643468058617475,0.28104776676744225,0.09080087438652443
3600,10,1,12,100,200,SG,10,5,SPOPlus,0.001,0.14582512929725577,2589,2590,5,3600,0.14582513000816108,0.04714945136201292,0.14043115494213998,0.046071990303439954
3600,10,1,12,100,200,SG,30,50,IMLE,0.1,0.07487600211787905,1679,1680,5,3600,0.07487600278109312,0.031825832872388,0.07553402039874345,0.03187928347409152
3600,10,1,12,100,200,SG,50,5,IMLE,0.1,0.11062862532074069,4507,4508,5,3600,0.11062862578779459,0.0480135335111942,0.10874319349043071,0.04719406974169845
3600,10,1,12,100,200,SG,1,30,SPOPlus,0.001,0.3102795099294731,62,63,5,3600,0.3102795111387968,0.09716088663514118,0.32004605944827197,0.09333071196663179
3600,10,1,12,100,200,SG,50,10,IMLE,0.1,0.092599092484663,3050,3051,5,3600,0.09259909277781844,0.03716261403491906,0.0894329689964652,0.038025231185909586
3600,10,1,12,100,200,SG,1,50,SPOPlus,0.001,0.29951057347987264,34,35,5,3600,0.29951057516038415,0.09086543977603005,0.299791215442121,0.09167518303351367
3600,10,1,12,100,200,SG,10,10,SPOPlus,0.001,0.24270206023661609,3029,3030,5,3600,0.2427020601183176,0.07915580746704563,0.23970668599009515,0.07580602362073341
3600,10,1,12,100,200,SG,50,50,IMLE,0.1,0.07669792649138157,2299,2300,5,3600,0.07669792676344514,0.03188683884129333,0.0738950216639787,0.030606930678507352
3600,10,1,12,100,200,SG,10,30,SPOPlus,0.001,0.2401345695717096,1269,1270,5,3600,0.2401345705986023,0.06937660559418285,0.2417654426023364,0.06987450793271273
3600,10,1,12,100,200,SG,10,50,SPOPlus,0.001,0.299048733049875,349,350,5,3600,0.29904873311519625,0.09374073854733733,0.3055580214560032,0.0945697848119602
3600,10,1,12,100,200,SG,50,30,IMLE,0.1,0.08251294018171333,2049,2050,5,3600,0.08251294070854782,0.032404747019260376,0.07982378132361918,0.033814909921463174
3600,10,1,12,100,200,SG,30,5,SPOPlus,0.001,0.16682547086603997,7349,7350,5,3600,0.16682547107338905,0.05314611814777917,0.16258302199654281,0.056421004825236765
3600,10,1,12,100,200,SG,30,30,SPOPlus,0.001,0.19488217870761215,2939,2940,5,3600,0.19488217875361444,0.0685913224949157,0.19010899444296955,0.06821941711320087
3600,10,1,12,100,200,SG,50,10,SPOPlus,0.001,0.20924681466567166,4949,4950,5,3600,0.20924681559205055,0.06998581973605213,0.20654067216441035,0.06629188873069812
3600,10,1,12,100,200,SG,30,10,SPOPlus,0.001,0.10080649761787201,3359,3360,5,3600,0.10080649822950363,0.03006262179429935,0.10184443501383066,0.03557530661239425
3600,10,1,12,100,200,SG,30,50,SPOPlus,0.001,0.20876409271075203,2069,2070,5,3600,0.20876409426331521,0.06206610046061445,0.21130499484017493,0.06503093581169564
3600,10,1,12,100,200,SG,50,5,SPOPlus,0.001,0.08770815554963185,6153,6154,5,3600,0.08770815648138523,0.03253451627086668,0.0803216811195016,0.03179500357254403
3600,10,1,12,100,200,SG,50,50,SPOPlus,0.001,0.25066531187432883,1499,1500,5,3600,0.25066531270742415,0.07219495864057161,0.24296167786419393,0.06922092064161121
3600,10,1,12,100,200,SG,50,30,SPOPlus,0.001,0.13541273964204895,2299,2300,5,3600,0.13541274040937423,0.04478452054794027,0.13122381857037543,0.04591468096930939
3600,10,1,12,100,200,SG,1,5,SPOPlus,0.01,0.07528255323316707,371,372,5,3600,0.07528255347162485,0.03187116129109887,0.07654333587316796,0.032681849293404695
3600,10,1,12,100,200,SG,1,10,SPOPlus,0.01,0.06447655210189226,198,199,5,3600,0.06447655225172638,0.028044023816131743,0.06292597748804837,0.02591296585138549
60,10,1,12,100,200,cla,0,0,IMLE,0.01,0.20656836168849557,6,6,5,60,0.20656836248934268,0.07189633458148938,0.20768886905163528,0.06452731101545114
3600,10,1,12,100,200,SG,1,30,SPOPlus,0.01,0.0818241605175584,133,134,5,3600,0.0818241611123085,0.03710711824935833,0.07824911349918694,0.03077178132995268
60,10,1,12,100,200,MSE,0,0,IMLE,0.01,0.12767706191192718,7066,7066,5,60,0.12767706248909236,0.15242285481522508,0.13169763031601905,0.15738725280894061
30,10,1,12,100,200,cla,0,0,IMLE,0.1,0.1391423629020824,2,2,5,30,0.1391423636674881,0.045230121274515485,0.13940792952477932,0.053613281175247114
3600,10,1,12,100,200,SG,10,5,SPOPlus,0.01,0.09191762020927398,2603,2604,5,3600,0.09191762099042534,0.04112775126438847,0.09174549798667431,0.047468287139204764
3600,10,1,12,100,200,SG,10,10,SPOPlus,0.01,0.08480431685472427,2869,2870,5,3600,0.08480431698262691,0.04442220177949194,0.0831290322043933,0.041386124772129614
30,10,1,12,100,200,cla,0,0,SPOPlus,0.001,0.16106662770637115,70,70,5,30,0.1610666286945343,0.05782828744965658,0.15621420416235923,0.06021162451817834
60,10,1,12,100,200,cla,0,0,IMLE,0.1,0.08517142608523731,3,3,5,60,0.08517142649739981,0.038377867220150366,0.08655896124988795,0.04294083561425487
30,10,1,12,100,200,MSE,0,0,IMLE,0.1,0.09119926964485599,3708,3708,5,30,0.09119926963932812,0.11289036360717575,0.08914184942189604,0.12301978092289856
3600,10,1,12,100,200,SG,1,50,SPOPlus,0.01,0.08735975474414111,78,79,5,3600,0.08735975528135896,0.03513682987223916,0.0832481322903186,0.03409557456405922
60,10,1,12,100,200,MSE,0,0,IMLE,0.1,0.08999617106922314,7068,7068,5,60,0.08999617098830641,0.11094173470676014,0.08891965278610588,0.12164416721160952
60,10,1,12,100,200,cla,0,0,SPOPlus,0.001,0.10353979350038191,171,171,5,60,0.1035397937707603,0.043506629556427485,0.09939796824008226,0.04877848393433191
30,10,1,12,100,200,SG,1,10,IMLE,0.001,0.34608376369842486,2,3,5,30,0.34608376502990723,0.09493749129823036,0.3474118872284889,0.09376474044467993
30,10,1,12,100,200,SG,1,5,IMLE,0.001,0.3327737206340865,5,6,5,30,0.3327737211436033,0.0925794495615583,0.3385912023112178,0.09608183518254633
30,10,1,12,100,200,SG,1,30,IMLE,0.001,0.3820423262640526,0,1,5,30,0.3820423280447722,0.12203911580928399,0.37377609468251466,0.10501954927754827
30,10,1,12,100,200,SG,1,50,IMLE,0.001,0.39489419332462783,-1,0,5,30,0.3948941934108734,0.10963586272738132,0.38907163473963735,0.10743122035079748
30,10,1,12,100,200,SG,10,5,IMLE,0.001,0.2590524925879074,24,25,5,30,0.2590524934232235,0.08512133065330398,0.2563505027145147,0.07800722335512328
30,10,1,12,100,200,SG,10,30,IMLE,0.001,0.3062681684630966,7,8,5,30,0.30626816987991334,0.09786964651383745,0.31315284272283317,0.09357744644101407
30,10,1,12,100,200,SG,10,10,IMLE,0.001,0.3315708905266612,9,10,5,30,0.3315708912909031,0.09616162021686953,0.33256796951591966,0.09209001668361184
30,10,1,12,100,200,SG,10,50,IMLE,0.001,0.3808715282348308,-1,0,5,30,0.38087153002619745,0.10093002874177064,0.37315970844775437,0.09914198085804546
30,10,1,12,100,200,SG,30,5,IMLE,0.001,0.282023443342335,29,30,5,30,0.2820234441012144,0.08626798585126333,0.28355265336483715,0.08793727574169394
30,10,1,12,100,200,cla,0,0,SPOPlus,0.01,0.035004419211121005,29,29,5,30,0.03500441944692284,0.03502562116464694,0.03718826195364818,0.048633372602968544
30,10,1,12,100,200,SG,30,30,IMLE,0.001,0.31804184576561645,5,6,5,30,0.318041847422719,0.09030517610576046,0.3181352818608284,0.09379560016758691
30,10,1,12,100,200,cla,0,0,SPOPlus,0.1,0.037215734138544086,6,6,5,30,0.03721573431044817,0.03467259855651478,0.03600710809160955,0.04232149020068496
300,10,1,12,100,200,cla,0,0,IMLE,0.01,0.06922584440124437,21,21,5,300,0.06922584485262633,0.048032313887090713,0.07253421563841403,0.052294249365516715
30,10,1,12,100,200,SG,30,10,IMLE,0.001,0.2532647769339033,29,30,5,30,0.25326477736234665,0.0801353092453546,0.26326007618755104,0.08406501031542027
30,10,1,12,100,200,SG,30,50,IMLE,0.001,0.3727569840212706,-1,0,5,30,0.37275698520243167,0.1142627081198624,0.37341385037451985,0.10424530712855258
60,10,1,12,100,200,cla,0,0,SPOPlus,0.01,0.03600858548782824,37,37,5,60,0.03600858571240678,0.04049731721062478,0.03812320938706398,0.05179480602545177
300,10,1,12,100,200,cla,0,0,IMLE,0.1,0.0436008837673209,15,15,5,300,0.043600883865728975,0.03586113187302318,0.04445668144430965,0.04716969220173005
30,10,1,12,100,200,SG,50,5,IMLE,0.001,0.2529882477027979,35,36,5,30,0.25298824690282345,0.06854929411911331,0.25990651540458204,0.08072340556008469
30,10,1,12,100,200,SG,50,10,IMLE,0.001,0.301442392485779,14,15,5,30,0.30144239351153373,0.0895197232485089,0.29904326977580786,0.08784092164841968
60,10,1,12,100,200,cla,0,0,SPOPlus,0.1,0.033976669323142306,8,8,5,60,0.03397666956298053,0.026859641651850494,0.034389065301744265,0.03752201466783915
30,10,1,12,100,200,SG,50,30,IMLE,0.001,0.3311267394108785,8,9,5,30,0.3311267391592264,0.09587543169338454,0.32659711109101774,0.09013671703342986
30,10,1,12,100,200,SG,50,50,IMLE,0.001,0.387949388276135,-1,0,5,30,0.3879493897408247,0.10561099511605607,0.3824122531041503,0.10894208375190297
60,10,1,12,100,200,SG,1,10,IMLE,0.001,0.349023539541807,5,6,5,60,0.34902354001998903,0.10204666241013832,0.3527236581817269,0.09922148882866354
60,10,1,12,100,200,SG,1,5,IMLE,0.001,0.32444700618200406,5,6,5,60,0.32444700635969637,0.10297141742826575,0.3273776828572154,0.10001351912457734
60,10,1,12,100,200,SG,1,30,IMLE,0.001,0.3611815055353152,1,2,5,60,0.3611815072596073,0.11988952385057036,0.35922262220084666,0.10569207275710653
300,10,1,12,100,200,MSE,0,0,IMLE,0.01,0.11596074618854084,35798,35798,5,300,0.11596074708737433,0.16625902547522725,0.11980449525639415,0.16285472999448275
60,10,1,12,100,200,SG,10,30,IMLE,0.001,0.2728728895817707,15,16,5,60,0.2728728900104761,0.07400496137859904,0.2717820283398032,0.08341259781836262
60,10,1,12,100,200,SG,10,5,IMLE,0.001,0.26856427552391676,50,51,5,60,0.26856427520513537,0.07705937810483472,0.27270567854493855,0.0808410805494887
300,10,1,12,100,200,cla,0,0,SPOPlus,0.001,0.1717132589396519,865,865,5,300,0.1717132592946291,0.06108377403648352,0.1702535997349769,0.06240292808146105
60,10,1,12,100,200,SG,1,50,IMLE,0.001,0.37612622604986606,-1,0,5,60,0.37612622626125813,0.10068670090124172,0.3818138668760657,0.10239827703016416
60,10,1,12,100,200,SG,10,10,IMLE,0.001,0.252266786149045,19,20,5,60,0.2522667866945267,0.08137677298139277,0.25584894480928777,0.07456271747228699
60,10,1,12,100,200,SG,30,5,IMLE,0.001,0.27050737603477276,49,50,5,60,0.2705073767900467,0.08396879937092307,0.2708090757653117,0.08273923599620715
60,10,1,12,100,200,SG,30,10,IMLE,0.001,0.15249846677163525,59,60,5,60,0.15249846704304218,0.06793418791701,0.16247404612973332,0.0670654862750286
60,10,1,12,100,200,SG,10,50,IMLE,0.001,0.37841737086990873,-1,0,5,60,0.3784173708409071,0.10823158722996928,0.3765047135129571,0.10857000070839472
60,10,1,12,100,200,SG,30,50,IMLE,0.001,0.208171944704308,28,29,5,60,0.20817194536328315,0.06401148733595732,0.21201781915873288,0.06904949214065738
60,10,1,12,100,200,SG,30,30,IMLE,0.001,0.21606022346058856,29,30,5,60,0.21606022387742996,0.07611898906024409,0.2138944710046053,0.06813207565556062
300,10,1,12,100,200,MSE,0,0,IMLE,0.1,0.09203210615829177,36626,36626,5,300,0.09203210659325123,0.11458906063090833,0.08958641715859994,0.12369279657295944
60,10,1,12,100,200,SG,50,10,IMLE,0.001,0.25982420875541984,60,61,5,60,0.25982421085238455,0.0772972384552446,0.26343287248909475,0.07491746324091429
60,10,1,12,100,200,SG,50,5,IMLE,0.001,0.2713428898979927,67,68,5,60,0.2713428906351328,0.0825030807067048,0.2668028910011053,0.08014598547893492
60,10,1,12,100,200,SG,50,50,IMLE,0.001,0.4107862906392433,-1,0,5,60,0.4107862922549248,0.10777139057399268,0.3955918636843562,0.10980033039141074
60,10,1,12,100,200,SG,50,30,IMLE,0.001,0.1535621193202824,49,50,5,60,0.1535621192678809,0.06083709008224649,0.154829961322248,0.06123978596985036
300,10,1,12,100,200,cla,0,0,SPOPlus,0.01,0.03636537366798819,63,63,5,300,0.03636537376325578,0.03566680149373964,0.03713016527541913,0.048243992484984774
600,10,1,12,100,200,cla,0,0,IMLE,0.01,0.05104218995794957,35,35,5,600,0.05104219007305801,0.04579733904469248,0.0529492386765778,0.05707460824063143
300,10,1,12,100,200,cla,0,0,SPOPlus,0.1,0.031080049696609477,19,19,5,300,0.0310800497722812,0.016605791761962124,0.03172675045672804,0.02699436203134117
600,10,1,12,100,200,cla,0,0,IMLE,0.1,0.04202715801081526,33,33,5,600,0.04202715812250972,0.032051068679280384,0.04138643029006198,0.03825716406397355
300,10,1,12,100,200,SG,1,5,IMLE,0.001,0.31731257989331935,62,63,5,300,0.3173125809431076,0.08101927846647725,0.31820296168327333,0.08216722359381619
300,10,1,12,100,200,SG,1,10,IMLE,0.001,0.3231950583685775,32,33,5,300,0.32319505855441094,0.08813747964748202,0.3214473277926445,0.08950146567195659
300,10,1,12,100,200,SG,1,50,IMLE,0.001,0.3660476353531965,5,6,5,300,0.36604763582348826,0.10808639576723457,0.35965642339736226,0.10557815823875397
600,10,1,12,100,200,cla,0,0,SPOPlus,0.001,0.1796271033665095,1711,1711,5,600,0.1796271039545536,0.06391192537412423,0.17627234987728296,0.061820040061665776
300,10,1,12,100,200,SG,10,10,IMLE,0.001,0.2954929348031385,109,110,5,300,0.295492934063077,0.08851305715983712,0.3006331117898226,0.09045475623541563
300,10,1,12,100,200,SG,10,5,IMLE,0.001,0.1740616626022258,176,177,5,300,0.17406166307628154,0.0653945140999544,0.18052886321023107,0.0725160031010767
300,10,1,12,100,200,SG,1,30,IMLE,0.001,0.3167327773501065,11,12,5,300,0.3167327792197466,0.09437871422773707,0.3211555647701025,0.09575897030558195
300,10,1,12,100,200,SG,10,30,IMLE,0.001,0.25890658613091017,39,40,5,300,0.25890658646821973,0.07320822954210215,0.2568807252943516,0.08071455858381466
300,10,1,12,100,200,SG,30,5,IMLE,0.001,0.19664860582926066,261,262,5,300,0.19664860606193543,0.07099965407938497,0.20034515617787838,0.07478138911363867
300,10,1,12,100,200,SG,30,10,IMLE,0.001,0.1578063061585908,303,304,5,300,0.15780630704015494,0.06510090523180892,0.15572055901028217,0.0699093965075857
300,10,1,12,100,200,SG,30,30,IMLE,0.001,0.17255543351146518,181,182,5,300,0.17255543377250432,0.06314223240568886,0.17555788169056177,0.0630356983819591
600,10,1,12,100,200,MSE,0,0,IMLE,0.01,0.09037683803483983,66220,66220,5,600,0.09037683852016926,0.15526246489870402,0.08850375741859898,0.1493448067066699
300,10,1,12,100,200,SG,10,50,IMLE,0.001,0.27537083193852213,59,60,5,300,0.2753708317875862,0.08432857412990623,0.2686623180657625,0.08028830212089243
600,10,1,12,100,200,MSE,0,0,IMLE,0.1,0.0929318997178563,72043,72043,5,600,0.09293190033175051,0.11428574223883411,0.09037687443569302,0.12266477819544515
300,10,1,12,100,200,SG,30,50,IMLE,0.001,0.1946867087060107,136,137,5,300,0.19468671016395092,0.0640842124382485,0.19554428757727146,0.06636622118654567
300,10,1,12,100,200,SG,50,5,IMLE,0.001,0.2690682273269846,360,361,5,300,0.2690682288259268,0.08052316626562359,0.26793324248120187,0.07945405162722469
300,10,1,12,100,200,SG,50,10,IMLE,0.001,0.16883411351667152,335,336,5,300,0.1688341146707535,0.06489913151296713,0.17534436441399157,0.07510559911256247
600,10,1,12,100,200,cla,0,0,SPOPlus,0.01,0.03471709168189738,83,83,5,600,0.0347170919412747,0.03175451678988845,0.03586342472909018,0.04503693239672664
30,10,1,12,100,200,SG,1,5,IMLE,0.01,0.24637195178604604,2,3,5,30,0.2463719528913498,0.07622649651405043,0.24612268511578442,0.07654992263146189
30,10,1,12,100,200,SG,1,10,IMLE,0.01,0.228156256885223,2,3,5,30,0.2281562566757202,0.07378965879958056,0.2248020827025175,0.07198600249842314
30,10,1,12,100,200,SG,1,50,IMLE,0.01,0.38726745663445944,-1,0,5,30,0.3872674570977688,0.09547233585757654,0.3942185865044594,0.10690495880864188
300,10,1,12,100,200,SG,50,30,IMLE,0.001,0.14705612290461473,149,150,5,300,0.1470561232417822,0.049065937121168704,0.1424246591217816,0.05222448795817078
30,10,1,12,100,200,SG,1,30,IMLE,0.01,0.3745109794890851,-1,0,5,30,0.37451098024845125,0.10278535798233789,0.3760113763660192,0.10124172392415767
600,10,1,12,100,200,cla,0,0,SPOPlus,0.1,0.032165541343961004,32,32,5,600,0.03216554137179628,0.016325753089017625,0.03056421429826878,0.024057459733423676
30,10,1,12,100,200,SG,10,30,IMLE,0.01,0.3989250438028378,-1,0,5,30,0.398925044760108,0.10291302082003932,0.38824904648959635,0.11229868645512081
300,10,1,12,100,200,SG,50,50,IMLE,0.001,0.14919378881907833,199,200,5,300,0.14919378913939,0.04878581652452481,0.1443849982060492,0.05292883840886709
30,10,1,12,100,200,SG,10,5,IMLE,0.01,0.12345877423169409,23,24,5,30,0.12345877468585968,0.0730546468104659,0.13350784375425429,0.07640247640356145
30,10,1,12,100,200,SG,10,10,IMLE,0.01,0.12539201653235227,18,19,5,30,0.12539201705716552,0.06899696374022736,0.12898767860699445,0.07484051644778705
30,10,1,12,100,200,SG,30,5,IMLE,0.01,0.13400084338707216,30,31,5,30,0.13400084422901273,0.07000608945905444,0.14222100191563367,0.07503783713572493
30,10,1,12,100,200,SG,30,30,IMLE,0.01,0.3617313908855228,-1,0,5,30,0.36173139229416845,0.10444681068300142,0.3726144088804722,0.11302234881607696
30,10,1,12,100,200,SG,30,10,IMLE,0.01,0.12367813570548894,29,30,5,30,0.12367813630029559,0.065894038017286,0.13067868998087942,0.06902228861623806
30,10,1,12,100,200,SG,50,5,IMLE,0.01,0.1332738388843515,35,36,5,30,0.13327383946627377,0.07031223140416956,0.13907842325326056,0.07526389979501458
30,10,1,12,100,200,SG,50,10,IMLE,0.01,0.1327161263973284,14,15,5,30,0.1327161267027259,0.06929345302961636,0.14081583469361067,0.07707315390610224
30,10,1,12,100,200,SG,10,50,IMLE,0.01,0.3823585792739348,-1,0,5,30,0.3823585802316666,0.11003910407123423,0.38015920712798834,0.10771593814810425
30,10,1,12,100,200,SG,50,50,IMLE,0.01,0.34588852909981627,-1,0,5,30,0.34588853001594544,0.09810738347646943,0.3477130231410265,0.09654277158891789
30,10,1,12,100,200,SG,50,30,IMLE,0.01,0.11717500965235444,8,9,5,30,0.11717501025646924,0.054224596621190856,0.11920844472758473,0.0586832423621955
30,10,1,12,100,200,SG,30,50,IMLE,0.01,0.37998523835398784,-1,0,5,30,0.37998523950576785,0.10630868013629818,0.3829944434389472,0.11041558138578951
60,10,1,12,100,200,SG,1,5,IMLE,0.01,0.11959718394601056,11,12,5,60,0.11959718441590667,0.06251216262883917,0.12141091436427087,0.06921138154990303
60,10,1,12,100,200,SG,1,10,IMLE,0.01,0.13988490005007043,5,6,5,60,0.13988490011543037,0.050688364937144244,0.13866335553117096,0.06344477740495222
60,10,1,12,100,200,SG,1,50,IMLE,0.01,0.3025686161567889,0,1,5,60,0.30256861820816994,0.09525647300118997,0.3084531032368541,0.08918839635795191
60,10,1,12,100,200,SG,1,30,IMLE,0.01,0.3151194105862846,0,1,5,60,0.3151194108277559,0.09247202067387089,0.31583730729669335,0.09537430943344415
60,10,1,12,100,200,SG,10,10,IMLE,0.01,0.12268924920234013,19,20,5,60,0.12268924930132925,0.06575651126359645,0.1313009317740798,0.07562826727370403
60,10,1,12,100,200,SG,30,10,IMLE,0.01,0.12329306517276149,29,30,5,60,0.12329306540079416,0.06497314377469829,0.12975404048524797,0.07189062964589953
60,10,1,12,100,200,SG,10,5,IMLE,0.01,0.11547571305108768,51,52,5,60,0.11547571352683007,0.053896148248358505,0.11774128523096442,0.058426075070220115
60,10,1,12,100,200,SG,10,50,IMLE,0.01,0.09888574708079834,9,10,5,60,0.0988857476040721,0.040413849993163505,0.09789709062408655,0.041612864205394666
60,10,1,12,100,200,SG,30,5,IMLE,0.01,0.12114739435248816,63,64,5,60,0.12114739498123527,0.05697653710194662,0.1264642159882933,0.062227284082831666
60,10,1,12,100,200,SG,10,30,IMLE,0.01,0.11734529288509381,9,10,5,60,0.11734529335051774,0.0541060106609762,0.11139814186096192,0.05387629320814578
60,10,1,12,100,200,SG,30,30,IMLE,0.01,0.09056103188226036,29,30,5,60,0.09056103244423866,0.04445404088579048,0.09395639569405466,0.05041188317150151
600,10,1,12,100,200,SG,1,5,IMLE,0.001,0.27608297584877933,116,117,5,600,0.2760829770565033,0.08436892013794262,0.2775480377003551,0.09152923418518376
600,10,1,12,100,200,SG,1,10,IMLE,0.001,0.313047587393658,65,66,5,600,0.313047589585185,0.09046388615609634,0.3053459871709347,0.08823457585126225
60,10,1,12,100,200,SG,50,5,IMLE,0.01,0.13309462899984706,72,73,5,60,0.1330946294032037,0.06782641091367514,0.14308128694258632,0.07466298310423221
60,10,1,12,100,200,SG,30,50,IMLE,0.01,0.07954471967857785,28,29,5,60,0.07954472018405795,0.03781941277119098,0.08195464932592586,0.04147245979419181
60,10,1,12,100,200,SG,50,10,IMLE,0.01,0.12500096859891516,48,49,5,60,0.12500096917152403,0.06685066611357679,0.1315400284603238,0.07150125530199326
60,10,1,12,100,200,SG,50,30,IMLE,0.01,0.12558246176279328,7,8,5,60,0.125582462772727,0.0549650692521601,0.13081887392792851,0.06070981818042933
60,10,1,12,100,200,SG,50,50,IMLE,0.01,0.3726559508407296,-1,0,5,60,0.3726559525728226,0.09359024212960786,0.3601364078521728,0.09599351210748608
600,10,1,12,100,200,SG,1,30,IMLE,0.001,0.32857031104039097,13,14,5,600,0.32857031282037497,0.09956515853594385,0.3384586272239685,0.10196054247842244
600,10,1,12,100,200,SG,10,5,IMLE,0.001,0.2843400491202428,339,340,5,600,0.2843400483578444,0.08272307986710209,0.2818694576397538,0.08449484081835032
600,10,1,12,100,200,SG,1,50,IMLE,0.001,0.36137725037398316,5,6,5,600,0.3613772500306368,0.1093742179965017,0.34858529882133005,0.10578325120355549
600,10,1,12,100,200,SG,10,10,IMLE,0.001,0.19137578145287165,389,390,5,600,0.19137578159570695,0.06331202107622551,0.20254907406494022,0.07149714532269145
600,10,1,12,100,200,SG,10,30,IMLE,0.001,0.23387873034382306,179,180,5,600,0.2338787306845188,0.07937689116459785,0.23422672875225545,0.07973009918851087
600,10,1,12,100,200,SG,30,5,IMLE,0.001,0.18255204868344563,704,705,5,600,0.18255204811692238,0.06348654288122825,0.18035482722893356,0.07174322066266182
600,10,1,12,100,200,SG,30,10,IMLE,0.001,0.23720630246086885,410,411,5,600,0.23720630280673505,0.07884090204352669,0.24483370994031428,0.07879230440282586
600,10,1,12,100,200,SG,50,5,IMLE,0.001,0.1913270922388483,760,761,5,600,0.19132709302008152,0.07209550146517642,0.18803204492665826,0.07188460272540076
600,10,1,12,100,200,SG,30,30,IMLE,0.001,0.17985017798980818,209,210,5,600,0.1798501793295145,0.062147527205988096,0.17745966932177543,0.06409295488835295
600,10,1,12,100,200,SG,10,50,IMLE,0.001,0.2665076276055849,119,120,5,600,0.26650762900710107,0.08346489372810882,0.2760732768326998,0.08040839955914951
600,10,1,12,100,200,SG,50,10,IMLE,0.001,0.16925573882148165,499,500,5,600,0.16925573866814375,0.06496744161750073,0.17970990259572864,0.07379574331887202
600,10,1,12,100,200,SG,50,50,IMLE,0.001,0.1301316843289227,385,386,5,600,0.13013168517500162,0.04851427258894324,0.1346057415381074,0.05290170433919796
600,10,1,12,100,200,SG,50,30,IMLE,0.001,0.13400226962227269,499,500,5,600,0.13400227025151254,0.05525355186608738,0.1345711412858218,0.05885512903295421
600,10,1,12,100,200,SG,30,50,IMLE,0.001,0.21568776161300957,149,150,5,600,0.2156877616792917,0.07331869503895068,0.21140951220691204,0.06858308298301165
300,10,1,12,100,200,SG,1,5,IMLE,0.01,0.08754731471016554,62,63,5,300,0.08754731518216431,0.05086505948657374,0.08928100937232375,0.05359595457398612
300,10,1,12,100,200,SG,1,30,IMLE,0.01,0.16922810753483766,9,10,5,300,0.16922810815274716,0.058660390630140266,0.16897796166315676,0.06426371845264345
300,10,1,12,100,200,SG,1,50,IMLE,0.01,0.24391892625056869,2,3,5,300,0.24391892738640308,0.0756062276381322,0.23163061420992018,0.07654024736954008
300,10,1,12,100,200,SG,1,10,IMLE,0.01,0.06647534344093234,32,33,5,300,0.06647534366697073,0.03143860243448501,0.06413709612190724,0.02986403258586802
3600,10,1,12,100,200,SG,10,30,SPOPlus,0.01,0.0872921043832374,1169,1170,5,3600,0.08729210458695888,0.03710191399576697,0.09138147325627506,0.03788746488533205
300,10,1,12,100,200,SG,10,5,IMLE,0.01,0.12227128912227135,263,264,5,300,0.1222712898813188,0.06190708998995004,0.12584154913481324,0.06652325912002317
300,10,1,12,100,200,SG,30,5,IMLE,0.01,0.13300247000723445,348,349,5,300,0.13300247060135006,0.06983427698666585,0.14208456759806723,0.07378462982943679
300,10,1,12,100,200,SG,10,10,IMLE,0.01,0.10124451288708797,189,190,5,300,0.10124451313167811,0.04798657459055451,0.10212984430324286,0.04731584158488038
300,10,1,12,100,200,SG,10,30,IMLE,0.01,0.08296455224399418,89,90,5,300,0.0829645525291562,0.0426084957395006,0.0866384859830141,0.04836853294942672
300,10,1,12,100,200,SG,30,10,IMLE,0.01,0.1156606714196799,202,203,5,300,0.11566067168489098,0.06145592257253719,0.1225000297948718,0.06666954007554012
300,10,1,12,100,200,SG,30,30,IMLE,0.01,0.08764756910657905,97,98,5,300,0.08764756984077395,0.043531274181498845,0.089775108050555,0.047092447180377764
300,10,1,12,100,200,SG,10,50,IMLE,0.01,0.06908980008482724,59,60,5,300,0.06908980033360422,0.035249201957986566,0.07156104147154838,0.03788713461534399
300,10,1,12,100,200,SG,30,50,IMLE,0.01,0.08196475503836227,59,60,5,300,0.08196475554257632,0.04277190832371738,0.08254817041894422,0.04769443752071567
300,10,1,12,100,200,SG,50,5,IMLE,0.01,0.11629544833142579,282,283,5,300,0.11629544889554382,0.05364585180852635,0.11921260319836438,0.056161663572513794
300,10,1,12,100,200,SG,50,10,IMLE,0.01,0.12317701144620521,249,250,5,300,0.12317701222375035,0.06364950883919945,0.12547722175251694,0.06304283415964454
30,10,1,12,100,200,SG,1,10,IMLE,0.1,0.1224169721282049,2,3,5,30,0.12241697289980948,0.06749091133935708,0.13042854841984808,0.07164139524951219
30,10,1,12,100,200,SG,1,5,IMLE,0.1,0.11572067524313433,5,6,5,30,0.11572067569941283,0.05802575758964423,0.1180623169625178,0.05898853524233004
30,10,1,12,100,200,SG,1,30,IMLE,0.1,0.13172138103998796,0,1,5,30,0.13172138135880232,0.059651121815771015,0.13510008982941507,0.06069576181908631
30,10,1,12,100,200,SG,1,50,IMLE,0.1,0.37544349380682795,-1,0,5,30,0.3754434937238693,0.10449380852576089,0.37665457516163586,0.1094045470178661
300,10,1,12,100,200,SG,50,50,IMLE,0.01,0.07760854204453438,197,198,5,300,0.07760854223743081,0.03787104685873215,0.0810929665863514,0.04396658377563041
30,10,1,12,100,200,SG,10,30,IMLE,0.1,0.35713004803854437,-1,0,5,30,0.35713004812598226,0.11209535428749869,0.36310577142983674,0.10684899065614255
30,10,1,12,100,200,SG,10,5,IMLE,0.1,0.1155335808115566,13,14,5,30,0.11553358066827059,0.043353052249736776,0.11696187104657292,0.05112359468626589
300,10,1,12,100,200,SG,50,30,IMLE,0.01,0.08285188981203437,149,150,5,300,0.08285189051181079,0.04063697942753342,0.08480603724904358,0.04193655753665128
30,10,1,12,100,200,SG,10,10,IMLE,0.1,0.0921725449532532,19,20,5,30,0.09217254567891359,0.03553036567578662,0.09121630274225026,0.03838464641845354
30,10,1,12,100,200,SG,30,50,IMLE,0.1,0.37458944141877304,-1,0,5,30,0.3745894422382116,0.10161149006805417,0.3851704108566046,0.10163681838880471
30,10,1,12,100,200,SG,10,50,IMLE,0.1,0.3803089954182513,-1,0,5,30,0.38030899718403816,0.09196777700554626,0.37162353175133467,0.10471942926845551
30,10,1,12,100,200,SG,50,50,IMLE,0.1,0.3983169362967901,-1,0,5,30,0.39831693954765796,0.11409481985578986,0.3959837525188923,0.10587084888365947
30,10,1,12,100,200,SG,30,5,IMLE,0.1,0.10356181406518396,24,25,5,30,0.10356181455776095,0.04000463631147317,0.10599774936400354,0.04404558521764184
30,10,1,12,100,200,SG,50,30,IMLE,0.1,0.37369081317525343,-1,0,5,30,0.37369081512093544,0.09915399989383027,0.37013547875732183,0.10557401462813264
30,10,1,12,100,200,SG,30,30,IMLE,0.1,0.09497074537589091,7,8,5,30,0.0949707456305623,0.03938931912969535,0.09677550152689218,0.045889777694633954
30,10,1,12,100,200,SG,30,10,IMLE,0.1,0.0888587780771905,28,29,5,30,0.08885877832770347,0.035058974248324055,0.08883175514638424,0.03771938956808118
30,10,1,12,100,200,SG,50,10,IMLE,0.1,0.08356717825748376,30,31,5,30,0.08356717869639396,0.034410254898191495,0.08186417444050312,0.03525004851791731
30,10,1,12,100,200,SG,50,5,IMLE,0.1,0.10239492466910763,25,26,5,30,0.10239492516964674,0.04884616967059221,0.10301492641866207,0.0462864816832457
60,10,1,12,100,200,SG,1,5,IMLE,0.1,0.12324927523927492,5,6,5,60,0.12324927534908056,0.05372700615183835,0.12694766160286963,0.059716628779185876
3600,10,1,12,100,200,SG,30,5,SPOPlus,0.01,0.05936344784191701,7294,7295,5,3600,0.05936344813555479,0.03011786389675356,0.057331401363946495,0.03134307674800094
60,10,1,12,100,200,SG,1,10,IMLE,0.1,0.13924549634165406,2,3,5,60,0.13924549693241717,0.0715646881975204,0.14150178750324993,0.07608275958588948
60,10,1,12,100,200,SG,1,50,IMLE,0.1,0.1210634339677105,0,1,5,60,0.1210634345933795,0.04721048193912699,0.12299379189871251,0.050731296332812544
60,10,1,12,100,200,SG,1,30,IMLE,0.1,0.12937372830308122,0,1,5,60,0.12937372878193856,0.057552932182023155,0.13519057717733085,0.06340048413283021
60,10,1,12,100,200,SG,10,50,IMLE,0.1,0.39925882388921513,-1,0,5,60,0.39925882637500765,0.12395488959102616,0.39332641538977625,0.11302772588026833
60,10,1,12,100,200,SG,10,5,IMLE,0.1,0.10838101169527835,49,50,5,60,0.10838101211935282,0.04548801210389662,0.10626094600744546,0.04354053175912315
60,10,1,12,100,200,SG,10,30,IMLE,0.1,0.08524503905394232,18,19,5,60,0.08524503977969289,0.032305120507026115,0.08322881567012519,0.03356647169396188
60,10,1,12,100,200,SG,10,10,IMLE,0.1,0.1038494974143183,19,20,5,60,0.10384949795901775,0.04016363564516734,0.10104061608202755,0.042518937758808606
60,10,1,12,100,200,SG,50,50,IMLE,0.1,0.3914605849836604,-1,0,5,60,0.39146058723330496,0.10587404721421068,0.3849933376684785,0.10693115083856833
60,10,1,12,100,200,SG,30,5,IMLE,0.1,0.09631555207517911,48,49,5,60,0.09631555272266269,0.03909001918834591,0.09455560438800603,0.04098885050813404
60,10,1,12,100,200,SG,30,50,IMLE,0.1,0.06696135073592173,28,29,5,60,0.06696135118603706,0.029515380646925257,0.06708272218704224,0.031247615605681407
60,10,1,12,100,200,SG,30,30,IMLE,0.1,0.07738715591146779,29,30,5,60,0.07738715633749962,0.03416512662215265,0.07483437536470593,0.031969124577311485
60,10,1,12,100,200,SG,30,10,IMLE,0.1,0.09538364716621686,59,60,5,60,0.09538364764302969,0.04117600984295461,0.09368050188571214,0.040510392437169467
3600,10,1,12,100,200,SG,10,50,SPOPlus,0.01,0.0662640965631096,439,440,5,3600,0.06626409692689776,0.029391662718017197,0.06596597219305113,0.028376832455909978
600,10,1,12,100,200,SG,1,5,IMLE,0.01,0.08208945197213004,120,121,5,600,0.08208945243619382,0.04716577972082769,0.08448765126988292,0.050624039450562756
600,10,1,12,100,200,SG,1,10,IMLE,0.01,0.07088390771210311,28,29,5,600,0.07088390838354826,0.03482621678386139,0.06952089766599238,0.034162808351000024
60,10,1,12,100,200,SG,50,10,IMLE,0.1,0.09038708519798672,48,49,5,60,0.09038708524778485,0.03518017167548619,0.08883576934225858,0.03769449550713551
60,10,1,12,100,200,SG,50,5,IMLE,0.1,0.09279618135563354,49,50,5,60,0.09279618192464113,0.03739657316110463,0.09168750611320138,0.03668527695059893
60,10,1,12,100,200,SG,50,30,IMLE,0.1,0.07608596809625082,49,50,5,60,0.07608596863225102,0.03025227785678913,0.0737628278201446,0.03154281276208245
600,10,1,12,100,200,SG,10,5,IMLE,0.01,0.10794938866359365,339,340,5,600,0.10794938948005438,0.045653051294517466,0.10852393331937492,0.047520884479855495
600,10,1,12,100,200,SG,1,30,IMLE,0.01,0.1338733960191694,22,23,5,600,0.1338733960688114,0.04799946312539134,0.1353621151652187,0.04994083502358798
600,10,1,12,100,200,SG,10,10,IMLE,0.01,0.10302726890151902,379,380,5,600,0.10302726954221725,0.042679265985056544,0.10056924073025585,0.042986122310180425
600,10,1,12,100,200,SG,10,50,IMLE,0.01,0.07033275269199098,119,120,5,600,0.0703327526524663,0.032737417119947314,0.07177473425026983,0.03911035909989062
600,10,1,12,100,200,SG,30,5,IMLE,0.01,0.12307207048009668,706,707,5,600,0.12307207114994526,0.05715954972753012,0.12475433667004109,0.05803018120511864
600,10,1,12,100,200,SG,1,50,IMLE,0.01,0.19016953566980177,13,14,5,600,0.19016953699290753,0.06960028039425904,0.1965982818119228,0.06910361477464198
600,10,1,12,100,200,SG,10,30,IMLE,0.01,0.08148069313623287,89,90,5,600,0.08148069358430803,0.04536568996888478,0.084640898081474,0.05165737971279768
3600,10,1,12,100,200,SG,30,10,SPOPlus,0.01,0.057493651358159294,5759,5760,5,3600,0.057493651593104,0.029765378536725784,0.057786292978562415,0.03308524520120767
600,10,1,12,100,200,SG,30,10,IMLE,0.01,0.10790355976494392,411,412,5,600,0.10790355995297432,0.04269950539953962,0.10908037818223237,0.044708359553644515
600,10,1,12,100,200,SG,30,30,IMLE,0.01,0.08771325689897223,389,390,5,600,0.08771325727924704,0.04195554105081933,0.08576949589885771,0.043506313730618834
600,10,1,12,100,200,SG,30,50,IMLE,0.01,0.07707480165606354,269,270,5,600,0.07707480203360319,0.04024315369949063,0.07996065158070996,0.04457693655733383
600,10,1,12,100,200,SG,50,10,IMLE,0.01,0.10248381572166122,685,686,5,600,0.10248381618410349,0.04299337696901349,0.10310822604410351,0.046408337876940195
600,10,1,12,100,200,SG,50,5,IMLE,0.01,0.12064359263307776,562,563,5,600,0.12064359342679382,0.057821959360761684,0.12473504400718957,0.05920156268992992
3600,10,1,12,100,200,SG,30,30,SPOPlus,0.01,0.11053991128923166,2996,2997,5,3600,0.11053991183638573,0.043513327747417056,0.11267152794543654,0.04866335721223894
600,10,1,12,100,200,SG,50,50,IMLE,0.01,0.07988506715851401,354,355,5,600,0.07988506756722927,0.041299468625463284,0.08038125910423696,0.042934412524404386
600,10,1,12,100,200,SG,50,30,IMLE,0.01,0.08451153226438875,473,474,5,600,0.08451153224334121,0.040785579386716245,0.08554898463189602,0.04314520969646135
30,10,1,12,100,200,SG,1,5,SPOPlus,0.001,0.30660746011096135,6,7,5,30,0.30660746090114116,0.09627875372074582,0.31804899097234013,0.10001195016134042
30,10,1,12,100,200,SG,1,10,SPOPlus,0.001,0.3587920768423109,2,3,5,30,0.3587920770794153,0.11013852395703094,0.35685113617777825,0.0996169921777708
30,10,1,12,100,200,SG,1,30,SPOPlus,0.001,0.36049425124874923,0,1,5,30,0.36049425303936006,0.11911418999429058,0.3611489723175764,0.11229558773539593
30,10,1,12,100,200,SG,10,5,SPOPlus,0.001,0.14359731460127556,37,38,5,30,0.14359731536358594,0.04616583597442938,0.14238576609268785,0.04811206578510177
30,10,1,12,100,200,SG,10,10,SPOPlus,0.001,0.21772334838057897,19,20,5,30,0.21772334910929203,0.0705606585157407,0.22113799580931665,0.07371272026874015
300,10,1,12,100,200,SG,1,10,IMLE,0.1,0.10664659908338,14,15,5,300,0.10664659971371293,0.043559242331576896,0.10524912931211293,0.04491054229935091
30,10,1,12,100,200,SG,10,50,SPOPlus,0.001,0.36758652307620393,-1,0,5,30,0.36758652292191984,0.1079919787416565,0.3673455331474543,0.105468808369054
30,10,1,12,100,200,SG,30,5,SPOPlus,0.001,0.18267552536309203,55,56,5,30,0.18267552599310874,0.05563300842288282,0.18146449108421803,0.05763368995404723
300,10,1,12,100,200,SG,1,30,IMLE,0.1,0.0873331376471093,4,5,5,300,0.08733313806354999,0.0434391920294813,0.08982369813136756,0.049343448970165585
30,10,1,12,100,200,SG,10,30,SPOPlus,0.001,0.31583554254918733,9,10,5,30,0.3158355441689491,0.08868447162289728,0.31110696129500864,0.08738233180843602
30,10,1,12,100,200,SG,1,50,SPOPlus,0.001,0.3537550658845698,-1,0,5,30,0.35375506766140463,0.10570618564673763,0.36397074957937003,0.10891407215312149
300,10,1,12,100,200,SG,1,5,IMLE,0.1,0.07966186937496389,59,60,5,300,0.07966186980716884,0.03282566471218656,0.08008644973300397,0.033397432889270426
30,10,1,12,100,200,SG,30,10,SPOPlus,0.001,0.1496380978437267,38,39,5,30,0.14963809918612242,0.05343808781787661,0.14541743808612229,0.0476869646113765
30,10,1,12,100,200,SG,30,30,SPOPlus,0.001,0.2292887460058476,18,19,5,30,0.22928874671459198,0.06776603734106008,0.22721852128207684,0.07443627803821437
30,10,1,12,100,200,SG,50,10,SPOPlus,0.001,0.19323895162604088,49,50,5,30,0.19323895163834096,0.06579234752177009,0.1935546246021986,0.06583807527599372
30,10,1,12,100,200,SG,50,30,SPOPlus,0.001,0.27424668024513504,16,17,5,30,0.27424668192863466,0.07377822586062799,0.27335288785398004,0.080589516352291
30,10,1,12,100,200,SG,50,5,SPOPlus,0.001,0.15001975192185257,49,50,5,30,0.15001975238323212,0.04445784448296724,0.145228331791237,0.04769409577359564
30,10,1,12,100,200,SG,30,50,SPOPlus,0.001,0.3722892037132876,-1,0,5,30,0.37228920459747317,0.10004653581556745,0.37254243130236864,0.10696083890901337
3600,10,1,12,100,200,SG,30,50,SPOPlus,0.01,0.08912974337644286,1319,1320,5,3600,0.0891297441162169,0.03885026647214049,0.09294490132201463,0.04072153130469476
300,10,1,12,100,200,SG,10,5,IMLE,0.1,0.09966631451001806,269,270,5,300,0.09966631468385458,0.039939941886894974,0.10067480188515038,0.04009754737247904
300,10,1,12,100,200,SG,1,50,IMLE,0.1,0.057061039510595775,6,7,5,300,0.057061039647087454,0.025636378583533122,0.057675969371572135,0.026632276587016477
60,10,1,12,100,200,SG,1,5,SPOPlus,0.001,0.3080470969831635,12,13,5,60,0.3080470971018076,0.0967793493309761,0.3086030141338706,0.0934786524894086
300,10,1,12,100,200,SG,10,30,IMLE,0.1,0.08654509506247193,39,40,5,300,0.08654509509913623,0.03682310419874229,0.08442682714387774,0.03533991195139846
300,10,1,12,100,200,SG,10,10,IMLE,0.1,0.08991749708230135,116,117,5,300,0.08991749754175543,0.03750738953861065,0.08594928085524589,0.03551299734172726
300,10,1,12,100,200,SG,30,5,IMLE,0.1,0.10173938010805626,347,348,5,300,0.10173938086256384,0.04127329880075458,0.10445958589483052,0.04607058328271779
60,10,1,12,100,200,SG,1,10,SPOPlus,0.001,0.32533985971812773,2,3,5,60,0.3253398588299751,0.09033558259562102,0.33241655776649714,0.09083967476248073
30,10,1,12,100,200,SG,50,50,SPOPlus,0.001,0.39081730262204445,-1,0,5,30,0.3908173032850027,0.11792177170362986,0.3837062436714768,0.11411333962015124
60,10,1,12,100,200,SG,10,10,SPOPlus,0.001,0.25315828623461595,49,50,5,60,0.25315828643739224,0.08623568572456393,0.24595710780099034,0.08300109891551055
60,10,1,12,100,200,SG,1,50,SPOPlus,0.001,0.36131123210452437,0,1,5,60,0.36131123192608355,0.10626073515148664,0.36430231534689667,0.10379395053356667
60,10,1,12,100,200,SG,10,5,SPOPlus,0.001,0.2296616656623027,79,80,5,60,0.22966166600584983,0.0732079983842839,0.2135718888193369,0.0702627172457974
300,10,1,12,100,200,SG,10,50,IMLE,0.1,0.07628387102053619,29,30,5,300,0.0762838712334633,0.03204841665516944,0.0746997849745676,0.031539894281485424
300,10,1,12,100,200,SG,50,5,IMLE,0.1,0.09523017140509013,376,377,5,300,0.09523017214611172,0.03795323798586111,0.09299875152669847,0.03753161389641
60,10,1,12,100,200,SG,30,5,SPOPlus,0.001,0.13945406527624804,119,120,5,60,0.13945406630635263,0.04208910109687566,0.13640088268369435,0.04544498393544339
300,10,1,12,100,200,SG,30,30,IMLE,0.1,0.07838779929510675,100,101,5,300,0.07838779980316758,0.03293238993357119,0.07857067948393524,0.032138662136685335
3600,10,1,12,100,200,SG,50,5,SPOPlus,0.01,0.06299939222234124,8549,8550,5,3600,0.06299939260818065,0.03047261827224689,0.06295174509845675,0.03746964838098245
300,10,1,12,100,200,SG,30,50,IMLE,0.1,0.07359364419315381,119,120,5,300,0.07359364479780198,0.030100389718319707,0.07250862852297724,0.029789867000841925
300,10,1,12,100,200,SG,30,10,IMLE,0.1,0.08968002797417003,299,300,5,300,0.0896800284832716,0.03846975137544097,0.08612387929111719,0.03477289717732441
60,10,1,12,100,200,SG,10,30,SPOPlus,0.001,0.2532534020925686,19,20,5,60,0.25325340278446673,0.08291015855028781,0.2564523243010044,0.08614040426403348
60,10,1,12,100,200,SG,10,50,SPOPlus,0.001,0.3248412893078789,9,10,5,60,0.32484128914773464,0.10651907891314116,0.3217073073461652,0.10051070200501397
3600,10,1,12,100,200,SG,50,10,SPOPlus,0.01,0.06634958892596506,6873,6874,5,3600,0.06634958913549781,0.03600952567360088,0.06619807429332286,0.03944881011909859
60,10,1,12,100,200,SG,30,30,SPOPlus,0.001,0.25365705961806245,32,33,5,60,0.25365706071257593,0.08478889500294884,0.24829318123683333,0.08063150313771265
60,10,1,12,100,200,SG,30,10,SPOPlus,0.001,0.20918043160015426,89,90,5,60,0.209180431291461,0.06491300395894588,0.2101999440267682,0.06221178725504234
300,10,1,12,100,200,SG,50,10,IMLE,0.1,0.09470546231030666,249,250,5,300,0.09470546254888176,0.03691853004669074,0.09100106940139085,0.03754175621277399
60,10,1,12,100,200,SG,50,10,SPOPlus,0.001,0.11255432423489058,101,102,5,60,0.11255432479083538,0.041498566056581865,0.1082690386287868,0.039468033576693394
60,10,1,12,100,200,SG,50,5,SPOPlus,0.001,0.1627441040021604,99,100,5,60,0.1627441043406725,0.04875487669731454,0.15962855853140354,0.056111583346372305
300,10,1,12,100,200,SG,50,50,IMLE,0.1,0.07286392877993443,194,195,5,300,0.07286392906680703,0.029623706209249277,0.07114766257023439,0.02855056464646437
60,10,1,12,100,200,SG,50,30,SPOPlus,0.001,0.2242350785531751,20,21,5,60,0.22423507906496526,0.07264856562199924,0.22332506243512035,0.07228834909699611
60,10,1,12,100,200,SG,1,30,SPOPlus,0.001,0.356880345732592,0,1,5,60,0.35688034661114215,0.10737338889226081,0.3635512336790562,0.10410794106720545
60,10,1,12,100,200,SG,30,50,SPOPlus,0.001,0.21246618490189953,29,30,5,60,0.2124661859124899,0.06223735814076883,0.2044144171141088,0.06300828093266356
60,10,1,12,100,200,SG,50,50,SPOPlus,0.001,0.2724778578141174,49,50,5,60,0.2724778585135937,0.08492370023328724,0.27161330612003803,0.08974452198739227
300,10,1,12,100,200,SG,50,30,IMLE,0.1,0.07701953402079309,149,150,5,300,0.07701953487470746,0.029985856338923676,0.0762906492529437,0.031812190770217845
30,10,1,12,100,200,SG,1,5,SPOPlus,0.01,0.07072350606142151,6,7,5,30,0.07072350615635514,0.02603359964789981,0.07071274388767779,0.033701940196165375
300,10,1,12,100,200,SG,1,5,SPOPlus,0.001,0.27987013857856335,66,67,5,300,0.2798701383173466,0.09135786454922941,0.27787844172120096,0.08548616367893784
300,10,1,12,100,200,SG,1,50,SPOPlus,0.001,0.34445271911604264,2,3,5,300,0.34445271849632264,0.09393241017759202,0.3428892053812742,0.09752062569667475
300,10,1,12,100,200,SG,10,10,SPOPlus,0.001,0.21712820008257894,129,130,5,300,0.21712819986045362,0.06906631940506067,0.21886112530902027,0.0697931493502036
300,10,1,12,100,200,SG,1,10,SPOPlus,0.001,0.2568168007680456,32,33,5,300,0.2568168006837368,0.08162413795144983,0.2644910467453301,0.08596571134500135
300,10,1,12,100,200,SG,10,5,SPOPlus,0.001,0.11851617532175704,399,400,5,300,0.11851617587730288,0.040870850388581716,0.11547160708345473,0.04139505450288272
300,10,1,12,100,200,SG,1,30,SPOPlus,0.001,0.34103207166831895,4,5,5,300,0.34103207282722,0.09969776163074973,0.34182408805936576,0.1033094653696014
300,10,1,12,100,200,SG,30,10,SPOPlus,0.001,0.24925128765147228,273,274,5,300,0.2492512883245945,0.07440270960204699,0.2458898715265095,0.07674831377538423
300,10,1,12,100,200,SG,30,5,SPOPlus,0.001,0.11671661570253536,627,628,5,300,0.11671661626547575,0.0419123651914759,0.10963797985948623,0.0384793044959529
300,10,1,12,100,200,SG,30,50,SPOPlus,0.001,0.25997901059170264,161,162,5,300,0.25997901130467654,0.08258122686959543,0.25664994440600275,0.0821057571816928
300,10,1,12,100,200,SG,50,5,SPOPlus,0.001,0.2150120439230038,670,671,5,300,0.21501204401254653,0.06935794672824637,0.22230165372416377,0.07036716792158118
300,10,1,12,100,200,SG,10,30,SPOPlus,0.001,0.23789599771176487,49,50,5,300,0.23789599809795617,0.07628983279771466,0.22640134256333114,0.07179349893212174
300,10,1,12,100,200,SG,30,30,SPOPlus,0.001,0.2382764313740432,239,240,5,300,0.23827643163502216,0.07646090176422396,0.2510502565279603,0.08611239136039286
30,10,1,12,100,200,SG,1,10,SPOPlus,0.01,0.14453017266525775,2,3,5,30,0.14453017339110374,0.04639315814480503,0.14496136375889182,0.047772107821359606
300,10,1,12,100,200,SG,50,10,SPOPlus,0.001,0.09604725309748324,549,550,5,300,0.096047253459692,0.04189561017583847,0.09113752183970064,0.03626712847034733
600,10,1,12,100,200,SG,10,50,IMLE,0.1,0.07210641130193171,109,110,5,600,0.07210641164332628,0.029686513457025533,0.0715141323581338,0.03130455456236633
600,10,1,12,100,200,SG,10,5,IMLE,0.1,0.09493635814373574,538,539,5,600,0.09493635861203074,0.035977425279049326,0.09441710768640041,0.03910614892756099
300,10,1,12,100,200,SG,50,30,SPOPlus,0.001,0.26601331780534543,349,350,5,300,0.2660133197158575,0.09380555185855206,0.2658644210323691,0.08642443847881522
300,10,1,12,100,200,SG,10,50,SPOPlus,0.001,0.2799454257641616,29,30,5,300,0.27994542606174944,0.09706330728782653,0.2786022198349237,0.09694378186868267
600,10,1,12,100,200,SG,30,5,IMLE,0.1,0.08971156627777692,535,536,5,600,0.08971156621351838,0.037020763369634196,0.09096713670715689,0.03900301800159825
600,10,1,12,100,200,SG,1,50,IMLE,0.1,0.052762696656776055,12,13,5,600,0.05276269680820406,0.02494117810587679,0.052607627288904044,0.024042134304806038
30,10,1,12,100,200,SG,10,50,SPOPlus,0.01,0.3687506484499691,-1,0,5,30,0.3687506477534771,0.10151173040110656,0.36922893156856296,0.10161445872900793
300,10,1,12,100,200,SG,50,50,SPOPlus,0.001,0.1930339255384698,249,250,5,300,0.19303392581641673,0.05955983450922545,0.19214536548405886,0.06719535410607598
600,10,1,12,100,200,SG,10,30,IMLE,0.1,0.07659416112997673,179,180,5,600,0.07659416157752276,0.032601886357742756,0.07798917494062334,0.03200394190228199
30,10,1,12,100,200,SG,1,30,SPOPlus,0.01,0.37488508561908873,-1,0,5,30,0.3748850874602795,0.10952728998509395,0.3659378344938159,0.10409660075757646
30,10,1,12,100,200,SG,30,50,SPOPlus,0.01,0.36974800186001794,-1,0,5,30,0.3697480045258999,0.09487404466134726,0.37614461801946164,0.09996115902595056
600,10,1,12,100,200,SG,1,10,IMLE,0.1,0.07754129011659348,64,65,5,600,0.07754129080101847,0.034079838377952386,0.07641006950498559,0.03267837982635952
600,10,1,12,100,200,SG,1,30,IMLE,0.1,0.061310229407789844,9,10,5,600,0.06131022964604199,0.03035730288131404,0.06203097728267312,0.030712571948559562
600,10,1,12,100,200,SG,50,5,IMLE,0.1,0.108983397524251,759,760,5,600,0.108983397744596,0.05062608516964228,0.11077524303551764,0.05068630166448947
30,10,1,12,100,200,SG,30,5,SPOPlus,0.01,0.059758880426115,54,55,5,30,0.05975888064131141,0.032588820841947454,0.05808415694162249,0.03407715472725354
600,10,1,12,100,200,SG,50,30,IMLE,0.1,0.08099056750918138,488,489,5,600,0.08099056795239448,0.03623671701905716,0.07747615163680166,0.03305790766013069
600,10,1,12,100,200,SG,50,10,IMLE,0.1,0.09647453625990945,687,688,5,600,0.09647453717887401,0.04346713218203202,0.09836851883865892,0.04214735362793738
30,10,1,12,100,200,SG,30,30,SPOPlus,0.01,0.3696484331022388,-1,0,5,30,0.3696484353393316,0.10123630835616736,0.3741015814617276,0.11039174969619146
600,10,1,12,100,200,SG,30,10,IMLE,0.1,0.09232700310151916,608,609,5,600,0.0923270038701594,0.037271200846432706,0.09222075528744608,0.03844582893450368
600,10,1,12,100,200,SG,10,10,IMLE,0.1,0.09795867842577262,372,373,5,600,0.09795867882668972,0.03433653147467141,0.09781821224465967,0.037391427906351776
600,10,1,12,100,200,SG,1,5,IMLE,0.1,0.07542131827348174,60,61,5,600,0.07542131875641644,0.03178236016713034,0.07479121154733002,0.03095580752643068
600,10,1,12,100,200,SG,30,30,IMLE,0.1,0.08699885713666697,377,378,5,600,0.08699885761365295,0.03303450191106985,0.0834611353771761,0.03433729129496124
30,10,1,12,100,200,SG,50,10,SPOPlus,0.01,0.061009105469959427,27,28,5,30,0.06100910580717027,0.03467029015575132,0.0584504717355594,0.03362456887868371
30,10,1,12,100,200,SG,50,50,SPOPlus,0.01,0.3712604314724091,-1,0,5,30,0.3712604323029518,0.099086017776854,0.3644455681219697,0.09946857364261222
30,10,1,12,100,200,SG,50,30,SPOPlus,0.01,0.3801516855266556,-1,0,5,30,0.3801516855508089,0.10545934372587329,0.37672489976882934,0.10478707332777565
30,10,1,12,100,200,SG,10,10,SPOPlus,0.01,0.060543154382030256,19,20,5,30,0.0605431548692286,0.028661715860961903,0.05953454831568524,0.0315166445282143
30,10,1,12,100,200,SG,10,5,SPOPlus,0.01,0.06890985190258461,36,37,5,30,0.06890985194593668,0.03527109617410108,0.06707606142386795,0.038063597525437656
30,10,1,12,100,200,SG,50,5,SPOPlus,0.01,0.06405880478849366,56,57,5,30,0.0640588051173836,0.03218393506299137,0.06096019439026713,0.03433081854249242
30,10,1,12,100,200,SG,10,30,SPOPlus,0.01,0.0676302363535562,9,10,5,30,0.06763023665174842,0.029247358573018408,0.0679371760590002,0.031582381378883966
600,10,1,12,100,200,SG,30,50,IMLE,0.1,0.0726192483435555,269,270,5,600,0.0726192488335073,0.028207366581527112,0.07401611711084842,0.030933330036810935
30,10,1,12,100,200,SG,1,50,SPOPlus,0.01,0.39662929670131275,-1,0,5,30,0.3966292979568243,0.10802115457119608,0.3869406941458583,0.10399169614317533
60,10,1,12,100,200,SG,1,10,SPOPlus,0.01,0.14455641387810814,2,3,5,60,0.14455641441047193,0.04346972226461715,0.1451054747607559,0.048458644303932596
60,10,1,12,100,200,SG,1,5,SPOPlus,0.01,0.07436301648642506,12,13,5,60,0.07436301657930017,0.029603487399400167,0.07450252322712914,0.031957619721814164
600,10,1,12,100,200,SG,50,50,IMLE,0.1,0.07572382933259841,199,200,5,600,0.07572382997721433,0.03131301751269652,0.07494833424175158,0.0301985420957425
60,10,1,12,100,200,SG,1,50,SPOPlus,0.01,0.2863323106383906,0,1,5,60,0.2863323114067316,0.09744153415090855,0.2870084393247962,0.0882547126864374
30,10,1,12,100,200,SG,30,10,SPOPlus,0.01,0.058676673537162,29,30,5,30,0.05867667387239635,0.03275299943234362,0.06007225834205747,0.0376532156383303
60,10,1,12,100,200,SG,1,30,SPOPlus,0.01,0.22415283249340054,1,2,5,60,0.22415283210575582,0.06641573219877527,0.21990155725181101,0.06662908650865303
60,10,1,12,100,200,SG,30,5,SPOPlus,0.01,0.06060612679094022,119,120,5,60,0.060606127195060255,0.034365937865838476,0.05867581688053906,0.03663936232160217
60,10,1,12,100,200,SG,10,5,SPOPlus,0.01,0.08487673863181416,79,80,5,60,0.08487673891708254,0.04230249433898646,0.08259709255211055,0.04488604897386075
60,10,1,12,100,200,SG,30,10,SPOPlus,0.01,0.06245293529797309,56,57,5,60,0.06245293547399342,0.02953733588261224,0.06336580965761095,0.035984588523252224
60,10,1,12,100,200,SG,10,10,SPOPlus,0.01,0.08741823752893949,49,50,5,60,0.08741823833435775,0.043320118092116465,0.08640668606897817,0.042962654418948774
60,10,1,12,100,200,SG,30,30,SPOPlus,0.01,0.07596829461848845,19,20,5,60,0.07596829504705965,0.03721760226773511,0.07639746392518282,0.039405297591629765
60,10,1,12,100,200,SG,50,50,SPOPlus,0.01,0.3721476713703118,-1,0,5,60,0.37214767284691336,0.10880811595322398,0.36304287799447776,0.1096621622555352
60,10,1,12,100,200,SG,50,5,SPOPlus,0.01,0.06478635546177781,134,135,5,60,0.06478635584004223,0.03453959666819421,0.06560308475233614,0.04120267271657428
60,10,1,12,100,200,SG,50,10,SPOPlus,0.01,0.06401070837067775,99,100,5,60,0.06401070840656757,0.036458263217935716,0.06445233582612127,0.042589294990443435
60,10,1,12,100,200,SG,10,50,SPOPlus,0.01,0.08780646400239026,9,10,5,60,0.0878064643405378,0.03649885222020101,0.08900989794544875,0.03791823450607751
60,10,1,12,100,200,SG,10,30,SPOPlus,0.01,0.09775751154654788,19,20,5,60,0.09775751205161214,0.04211882938829345,0.0981281313332729,0.042931791665941535
60,10,1,12,100,200,SG,50,30,SPOPlus,0.01,0.0849057520766492,49,50,5,60,0.08490575214847923,0.049841290789634944,0.08604478627396747,0.05122502613996735
60,10,1,12,100,200,SG,30,50,SPOPlus,0.01,0.11003200995585577,29,30,5,60,0.11003201048821211,0.06651454480335711,0.11496292691957205,0.0723868887142061
30,10,1,12,100,200,SG,1,50,SPOPlus,0.1,0.39863193668720276,-1,0,5,30,0.39863193713128564,0.12096562706817414,0.3870198985040188,0.1117981138891076
30,10,1,12,100,200,SG,1,30,SPOPlus,0.1,0.07154175883605116,0,1,5,30,0.07154175898060203,0.026208788476537327,0.07185181344673038,0.02949973718034187
30,10,1,12,100,200,SG,1,10,SPOPlus,0.1,0.06718569981171839,2,3,5,30,0.06718569980002939,0.02870001418920028,0.06616588486172259,0.030188385320253256
600,10,1,12,100,200,SG,1,5,SPOPlus,0.001,0.2836949144671713,132,133,5,600,0.2836949156969786,0.08325667311946636,0.28005198324099184,0.0863870992247509
30,10,1,12,100,200,SG,1,5,SPOPlus,0.1,0.08654650198414837,6,7,5,30,0.0865465021878481,0.03929437278498828,0.08463696752861143,0.040142424447406684
600,10,1,12,100,200,SG,1,10,SPOPlus,0.001,0.2775153110636811,68,69,5,600,0.27751531191170214,0.08502833423991399,0.2761882519870996,0.08005928535383498
600,10,1,12,100,200,SG,10,5,SPOPlus,0.001,0.24392906163289607,442,443,5,600,0.24392906203866005,0.0729837831632278,0.23641317560523747,0.07468633757613179
600,10,1,12,100,200,SG,10,10,SPOPlus,0.001,0.22349877269141363,489,490,5,600,0.2234987735748291,0.06968676903017564,0.22163525426760317,0.07055800155007184
600,10,1,12,100,200,SG,1,30,SPOPlus,0.001,0.3333483329832609,9,10,5,600,0.333348333761096,0.10099842604521488,0.32808610032498836,0.09575284186245554
600,10,1,12,100,200,SG,10,30,SPOPlus,0.001,0.24140637392834668,119,120,5,600,0.24140637509524823,0.07555656928883918,0.2511508389785886,0.07850444142671638
30,10,1,12,100,200,SG,10,5,SPOPlus,0.1,0.09064096427024732,39,40,5,30,0.09064096473157406,0.04024935610432359,0.09115449020639062,0.04388625046795128
600,10,1,12,100,200,SG,1,50,SPOPlus,0.001,0.30582734388816124,13,14,5,600,0.30582734376192094,0.09070040661854428,0.3004486663043499,0.09173257058820766
600,10,1,12,100,200,SG,30,5,SPOPlus,0.001,0.17015192814107732,1246,1247,5,600,0.17015192907303572,0.06244491380399043,0.15747795568034054,0.05310399325975486
600,10,1,12,100,200,SG,10,50,SPOPlus,0.001,0.2501351273633072,122,123,5,600,0.2501351272314787,0.08422259368366174,0.24555060520768165,0.08095522095671012
600,10,1,12,100,200,SG,30,10,SPOPlus,0.001,0.1649039319550232,592,593,5,600,0.16490393254905938,0.05248422065475076,0.15398234926909207,0.04882643547473579
600,10,1,12,100,200,SG,50,5,SPOPlus,0.001,0.1479854050937031,1410,1411,5,600,0.14798540569841862,0.05274049765927523,0.14357778149098158,0.04672770952071684
30,10,1,12,100,200,SG,10,50,SPOPlus,0.1,0.3848436415099228,-1,0,5,30,0.384843642488122,0.10163512996935083,0.3920966713801026,0.10418215032274596
30,10,1,12,100,200,SG,10,10,SPOPlus,0.1,0.0875928702410752,19,20,5,30,0.08759287066757679,0.04287874082837375,0.09033075774088502,0.04871266579052641
600,10,1,12,100,200,SG,50,30,SPOPlus,0.001,0.18043597568656417,699,700,5,600,0.1804359770566225,0.06914848743720735,0.18169320357590915,0.06418171170495561
600,10,1,12,100,200,SG,50,50,SPOPlus,0.001,0.2707809293611708,499,500,5,600,0.2707809285819531,0.08508206301074409,0.26263488398492335,0.0765917278104298
600,10,1,12,100,200,SG,50,10,SPOPlus,0.001,0.17284210443297687,1088,1089,5,600,0.17284210458397864,0.05719933860613127,0.17235307706892491,0.05339100894828842
600,10,1,12,100,200,SG,30,30,SPOPlus,0.001,0.1599459459939889,482,483,5,600,0.15994594734162093,0.05116313555917631,0.16324607329443097,0.05735669251549633
30,10,1,12,100,200,SG,30,30,SPOPlus,0.1,0.3762241593588464,-1,0,5,30,0.3762241590023041,0.10413287986538465,0.3762236308380961,0.1076563220023456
600,10,1,12,100,200,SG,30,50,SPOPlus,0.001,0.2628359867197804,149,150,5,600,0.2628359875828028,0.07721987785202704,0.2553868265300989,0.08180078928453619
300,10,1,12,100,200,SG,1,5,SPOPlus,0.01,0.07531151391796369,65,66,5,300,0.07531151441857219,0.032826549585327144,0.07598291564872488,0.03160818381424122
300,10,1,12,100,200,SG,10,5,SPOPlus,0.01,0.07176273908337268,399,400,5,300,0.0717627390474081,0.036107097398846134,0.07104955717734993,0.03926693938941429
30,10,1,12,100,200,SG,50,50,SPOPlus,0.1,0.39253588550307206,-1,0,5,30,0.39253588527441025,0.10664275092710782,0.3947487203031778,0.11046470214403468
30,10,1,12,100,200,SG,10,30,SPOPlus,0.1,0.08812017372302368,9,10,5,30,0.0881201739795506,0.04393727397340763,0.0909601340405643,0.0477973216704351
300,10,1,12,100,200,SG,30,5,SPOPlus,0.01,0.06161331427395531,417,418,5,300,0.06161331453360617,0.031681392123381294,0.05969331247266382,0.034286986411276754
3600,10,1,12,100,200,SG,50,30,SPOPlus,0.01,0.08897523361954786,2549,2550,5,3600,0.08897523356601596,0.04380269274575396,0.09191739315120503,0.04884459269508829
300,10,1,12,100,200,SG,1,10,SPOPlus,0.01,0.07359213211268531,15,16,5,300,0.07359213246032596,0.02949009334195417,0.07300201720092446,0.02999297391053654
30,10,1,12,100,200,SG,30,5,SPOPlus,0.1,0.08580475089369158,29,30,5,30,0.08580475149676203,0.04494200597849852,0.08735073778964579,0.049001742503947954
300,10,1,12,100,200,SG,10,30,SPOPlus,0.01,0.09700933884294904,47,48,5,300,0.09700933905318379,0.038974306002013286,0.09782825805060566,0.03959887879756416
300,10,1,12,100,200,SG,30,10,SPOPlus,0.01,0.07510308318168217,459,460,5,300,0.07510308342054486,0.03906147871545556,0.0724836753513664,0.04102659569698359
30,10,1,12,100,200,SG,30,50,SPOPlus,0.1,0.3770859402591322,-1,0,5,30,0.3770859406888485,0.10444766359792641,0.38574280608445405,0.10587493010417395
300,10,1,12,100,200,SG,10,10,SPOPlus,0.01,0.10314780923213411,129,130,5,300,0.10314780969172715,0.044082941669958436,0.1051591526530683,0.04867036209375506
30,10,1,12,100,200,SG,30,10,SPOPlus,0.1,0.09116371812613265,38,39,5,30,0.09116371883079409,0.04511541593593642,0.09152526896819473,0.04729993980087672
300,10,1,12,100,200,SG,1,30,SPOPlus,0.01,0.12368744808600234,4,5,5,300,0.12368744816631079,0.042364427877578416,0.12271048708073795,0.04238833132256267
300,10,1,12,100,200,SG,50,5,SPOPlus,0.01,0.06044291901544024,499,500,5,300,0.06044291922822595,0.03005791111252004,0.05995131722092629,0.03708055693695912
300,10,1,12,100,200,SG,50,10,SPOPlus,0.01,0.07806636592029847,583,584,5,300,0.07806636610999704,0.04357016472032555,0.07640337893832475,0.044033037917729716
30,10,1,12,100,200,SG,50,30,SPOPlus,0.1,0.09230914811679386,18,19,5,30,0.09230914829298854,0.04403129673348294,0.09617439721152186,0.050719911800818425
30,10,1,12,100,200,SG,50,5,SPOPlus,0.1,0.0867155535096899,60,61,5,30,0.08671555407345295,0.03847929846288338,0.08942874374520034,0.045157882790453935
3600,10,1,12,100,200,SG,50,50,SPOPlus,0.01,0.1003051551807279,2899,2900,5,3600,0.1003051553480327,0.042379032711855176,0.10442101721372456,0.046204550625623564
300,10,1,12,100,200,SG,1,50,SPOPlus,0.01,0.13274514627577186,6,7,5,300,0.132745146676898,0.047487206327488096,0.12552267268486322,0.0485857694498596
300,10,1,12,100,200,SG,30,30,SPOPlus,0.01,0.10523987656682499,147,148,5,300,0.10523987712338567,0.04510553346631688,0.10536246369499713,0.04707250432046602
60,10,1,12,100,200,SG,1,30,SPOPlus,0.1,0.07325152894749551,1,2,5,60,0.07325152929872275,0.027473944748752567,0.07323974314238876,0.031584648841903686
300,10,1,12,100,200,SG,10,50,SPOPlus,0.01,0.06791939827569787,59,60,5,300,0.06791939857415855,0.03114983940142579,0.06643428781814874,0.02857672960563475
60,10,1,12,100,200,SG,1,50,SPOPlus,0.1,0.38703822407917243,-1,0,5,60,0.38703822426497936,0.10780743911435112,0.3870700976550579,0.10818554146298903
60,10,1,12,100,200,SG,1,5,SPOPlus,0.1,0.08251741635076694,5,6,5,60,0.08251741665415466,0.03953504660037336,0.08226656933687627,0.04251134968095913
30,10,1,12,100,200,SG,50,10,SPOPlus,0.1,0.0863550860548858,49,50,5,30,0.08635508665814996,0.039087873944275514,0.08844247603882104,0.044085127755171684
3600,10,1,12,100,200,SG,1,5,SPOPlus,0.1,0.11979678895338187,737,738,5,3600,0.11979678958654404,0.05040965872004704,0.11967418834753335,0.04801845349907097
60,10,1,12,100,200,SG,1,10,SPOPlus,0.1,0.1220250468827249,6,7,5,60,0.1220250467956066,0.04687810274825588,0.12287730243429541,0.0477550032023568
300,10,1,12,100,200,SG,30,50,SPOPlus,0.01,0.09162102512654985,149,150,5,300,0.09162102503702045,0.03996388216259752,0.09551699353847652,0.04072229006748758
300,10,1,12,100,200,SG,50,30,SPOPlus,0.01,0.11119633490738477,349,350,5,300,0.11119633531197906,0.04731557877580676,0.11146246468555182,0.05084424545275057
60,10,1,12,100,200,SG,50,5,SPOPlus,0.1,0.08608569406487035,126,127,5,60,0.08608569463714957,0.04438292979863081,0.08774685513507575,0.048205789550901504
300,10,1,12,100,200,SG,50,50,SPOPlus,0.01,0.10007570624020459,249,250,5,300,0.10007570687681437,0.047060179897297105,0.10439688049443066,0.05455904620585717
60,10,1,12,100,200,SG,30,10,SPOPlus,0.1,0.09179539606162823,89,90,5,60,0.09179539635777473,0.038481364828982505,0.09678782487288118,0.04525508931969902
60,10,1,12,100,200,SG,30,5,SPOPlus,0.1,0.08486505817094424,112,113,5,60,0.08486505893990398,0.035610135250387455,0.08891478181350976,0.043780708190734235
3600,10,1,12,100,200,SG,10,5,SPOPlus,0.1,0.09721992631916415,2749,2750,5,3600,0.09721992695704103,0.038338563881796024,0.10063967586494982,0.04382207853784955
60,10,1,12,100,200,SG,10,30,SPOPlus,0.1,0.10982547152985815,19,20,5,60,0.10982547234743834,0.045900075168568824,0.11290011968463659,0.04899704200122625
60,10,1,12,100,200,SG,10,50,SPOPlus,0.1,0.1034229351551436,9,10,5,60,0.10342293549329043,0.05454585941231332,0.10831688619917258,0.061556035640450917
60,10,1,12,100,200,SG,10,10,SPOPlus,0.1,0.09993508699490312,49,50,5,60,0.09993508754298092,0.04198096344353254,0.10339086165465415,0.04549764527770627
60,10,1,12,100,200,SG,50,10,SPOPlus,0.1,0.08823092680986994,57,58,5,60,0.08823092751204968,0.03880147108625233,0.09232909861579537,0.046347847664358635
60,10,1,12,100,200,SG,10,5,SPOPlus,0.1,0.09767792801071057,77,78,5,60,0.09767792815342545,0.03752437553385952,0.10179373818263411,0.04398880179145008
60,10,1,12,100,200,SG,30,30,SPOPlus,0.1,0.11079119085554645,35,36,5,60,0.1107911917567253,0.044493834822075994,0.11071870878897608,0.04630130801643987
3600,10,1,12,100,200,SG,10,10,SPOPlus,0.1,0.11781709705477143,1649,1650,5,3600,0.11781709786504507,0.045801018629374315,0.12098086390085519,0.04895628357590703
3600,10,1,12,100,200,SG,30,5,SPOPlus,0.1,0.0857370944370918,4859,4860,5,3600,0.08573709512129427,0.037895646054020814,0.08910656747967005,0.04488579793348444
60,10,1,12,100,200,SG,50,30,SPOPlus,0.1,0.0901919197472254,49,50,5,60,0.0901919199898839,0.036791701655034384,0.0949680971223861,0.044013836777518266
3600,10,1,12,100,200,SG,30,10,SPOPlus,0.1,0.0913400206646946,3500,3501,5,3600,0.09134002078324556,0.03899570696269438,0.09656721267476678,0.044832967650533226
60,10,1,12,100,200,SG,30,50,SPOPlus,0.1,0.09521080822559483,29,30,5,60,0.0952108084782958,0.04258175511501169,0.09884028520062565,0.04469132127927742
3600,10,1,12,100,200,SG,50,5,SPOPlus,0.1,0.08490396515388411,8394,8395,5,3600,0.08490396564826369,0.038133262917584704,0.08896961271390319,0.043135743974714084
3600,10,1,12,100,200,SG,10,30,SPOPlus,0.1,0.13869790751922328,629,630,5,3600,0.13869790807366372,0.054185079502731916,0.13827418355830015,0.05341483408550829
3600,10,1,12,100,200,SG,50,10,SPOPlus,0.1,0.08841518535768994,4547,4548,5,3600,0.08841518608853222,0.03789229599829554,0.09176189573947341,0.043889866317062286
60,10,1,12,100,200,SG,50,50,SPOPlus,0.1,0.09626937595740319,49,50,5,60,0.09626937672495842,0.04118249265141271,0.09915305867884308,0.04365392296763433
3600,10,1,12,100,200,SG,30,30,SPOPlus,0.1,0.11175698541226112,1649,1650,5,3600,0.1117569861933589,0.044910973132160775,0.11371805523894728,0.04734371375934275
3600,10,1,12,100,200,SG,30,50,SPOPlus,0.1,0.1196084141687333,1979,1980,5,3600,0.11960841480642558,0.048581468845979164,0.1230934866014868,0.049921394414355724
3600,10,1,12,100,200,SG,50,30,SPOPlus,0.1,0.10544575217678409,2449,2450,5,3600,0.1054457527399063,0.04449978111708108,0.10880292767286301,0.046263891507021024
3600,10,1,12,100,200,SG,10,50,SPOPlus,0.1,0.1076795400259066,759,760,5,3600,0.1076795406639576,0.048287226247066856,0.11204131311178207,0.04685863460779391
3600,10,1,12,100,200,SG,1,10,SPOPlus,0.1,0.08316606588073551,399,400,5,3600,0.08316606614738703,0.03946973171908425,0.08170149734430016,0.035187050859266066
3600,10,1,12,100,200,SG,50,50,SPOPlus,0.1,0.11970593430728713,1649,1650,5,3600,0.11970593523234128,0.04724325268538518,0.12174994636885822,0.048824926390121745
600,10,1,12,100,200,SG,30,5,SPOPlus,0.01,0.061249748436411594,1246,1247,5,600,0.06124974847771227,0.030822597802545933,0.06057288643484935,0.03659487194172883
600,10,1,12,100,200,SG,1,5,SPOPlus,0.01,0.08517579385375783,130,131,5,600,0.08517579400911927,0.03687915542909199,0.08383375452784822,0.03506022853419431
600,10,1,12,100,200,SG,10,5,SPOPlus,0.01,0.07210369654539928,499,500,5,600,0.07210369680076838,0.037658051452489856,0.07131075097247958,0.040581351963773236
600,10,1,12,100,200,SG,50,10,SPOPlus,0.01,0.06545280358782087,1167,1168,5,600,0.06545280364342033,0.033216921957158446,0.06612920484598726,0.04124308311483007
600,10,1,12,100,200,SG,10,10,SPOPlus,0.01,0.10429838182575607,492,493,5,600,0.10429838221520185,0.04410756283002088,0.10738473924808205,0.04661355184554715
600,10,1,12,100,200,SG,50,5,SPOPlus,0.01,0.06740402596929716,1390,1391,5,600,0.06740402618423104,0.034747383251526126,0.06668604746460914,0.03993604123333146
600,10,1,12,100,200,SG,30,10,SPOPlus,0.01,0.07014806983211203,539,540,5,600,0.07014807001687587,0.036538223860521746,0.06937020943313837,0.03972996637910102
600,10,1,12,100,200,SG,1,10,SPOPlus,0.01,0.06843014499025624,42,43,5,600,0.06843014523386955,0.027164404159134306,0.06571369702462107,0.02720520887981845
300,10,1,12,100,200,SG,10,5,SPOPlus,0.1,0.09084389592323237,229,230,5,300,0.09084389647468924,0.03985802844067419,0.09692556468956172,0.04561468863367053
600,10,1,12,100,200,SG,50,30,SPOPlus,0.01,0.10080263823476918,692,693,5,600,0.10080263894051314,0.04870435988741645,0.10158138747746125,0.05077199385851311
300,10,1,12,100,200,SG,10,10,SPOPlus,0.1,0.10822883657934472,129,130,5,300,0.10822883710265159,0.043274365117705965,0.11182063121534884,0.04761260549227002
600,10,1,12,100,200,SG,10,30,SPOPlus,0.01,0.09668236572156173,209,210,5,600,0.0966823661327362,0.03862916720557389,0.0981367065347731,0.039695582888406244
3600,10,1,12,100,200,SG,1,30,SPOPlus,0.1,0.06782661249244602,140,141,5,3600,0.06782661277800799,0.029843116224570684,0.06631572677753866,0.027811246621066384
600,10,1,12,100,200,SG,1,50,SPOPlus,0.01,0.14472381517788832,5,6,5,600,0.1447238163277507,0.05196023712045686,0.1405217547547072,0.05253525407765873
300,10,1,12,100,200,SG,30,10,SPOPlus,0.1,0.0893075265493645,464,465,5,300,0.08930752716958523,0.03778538941071271,0.09410227486211807,0.043695330274601984
600,10,1,12,100,200,SG,30,50,SPOPlus,0.01,0.0912394786483674,329,330,5,600,0.09123947881162167,0.04340682727721807,0.0952362528834492,0.048407391461365135
300,10,1,12,100,200,SG,50,10,SPOPlus,0.1,0.0885389061349699,592,593,5,300,0.0885389070212841,0.03701533018283335,0.09126916576456279,0.04430419121076203
300,10,1,12,100,200,SG,50,5,SPOPlus,0.1,0.08525171598586162,499,500,5,300,0.08525171661749482,0.037662033371954805,0.0887066362183541,0.04417170564122439
600,10,1,12,100,200,SG,30,30,SPOPlus,0.01,0.10388748986048398,479,480,5,600,0.10388749020174146,0.045186386518503825,0.10591864320635795,0.046908691096002826
600,10,1,12,100,200,SG,1,30,SPOPlus,0.01,0.07992809915991712,21,22,5,600,0.07992809956893325,0.0314039202500427,0.07950193580426276,0.03173094166351559
300,10,1,12,100,200,SG,30,30,SPOPlus,0.1,0.11047509524519858,241,242,5,300,0.11047509625554085,0.043619429031662646,0.11330706825479865,0.04751233737780281
600,10,1,12,100,200,SG,50,50,SPOPlus,0.01,0.10229316929464698,499,500,5,600,0.10229316998273134,0.0497640348412749,0.10624158273357898,0.05469824630975708
300,10,1,12,100,200,SG,30,5,SPOPlus,0.1,0.08658383485470945,420,421,5,300,0.08658383591100574,0.04067803812847574,0.08959427585080267,0.04626089030587941
300,10,1,12,100,200,SG,1,50,SPOPlus,0.1,0.06171875649638906,2,3,5,300,0.06171875655651093,0.02788978737538158,0.06143461797619239,0.024831569484994678
300,10,1,12,100,200,SG,50,30,SPOPlus,0.1,0.10627246171318713,349,350,5,300,0.10627246249467134,0.043109877084286395,0.10911998564191162,0.045912759328587266
600,10,1,12,100,200,SG,10,50,SPOPlus,0.01,0.06408965521316277,119,120,5,600,0.06408965578302742,0.028523813536662064,0.0660713082854636,0.028768074071894252
300,10,1,12,100,200,SG,30,50,SPOPlus,0.1,0.12339854509908116,63,64,5,300,0.12339854571968317,0.0507049285133613,0.12440195146761834,0.049861622798135025
300,10,1,12,100,200,SG,1,10,SPOPlus,0.1,0.13308099507786864,15,16,5,300,0.13308099515736102,0.051325182610518584,0.13573097072727977,0.051799719595230345
300,10,1,12,100,200,SG,10,30,SPOPlus,0.1,0.14192831220426902,49,50,5,300,0.1419283129274845,0.05431877139197873,0.14095895393751562,0.05392789599193854
3600,10,1,12,100,200,SG,1,50,SPOPlus,0.1,0.07223436077696113,41,42,5,3600,0.07223436122760177,0.030866202271169058,0.06915916966274381,0.029069266584751244
300,10,1,12,100,200,SG,50,50,SPOPlus,0.1,0.12126337432227935,249,250,5,300,0.12126337490975857,0.04923207154238972,0.12186083945818245,0.048846939437486095
300,10,1,12,100,200,SG,10,50,SPOPlus,0.1,0.11888316937942514,29,30,5,300,0.11888316962867976,0.052011358625129324,0.12019473035447299,0.04947625615114714
300,10,1,12,100,200,SG,1,30,SPOPlus,0.1,0.06828343445016122,10,11,5,300,0.0682834349386394,0.028789520765377892,0.06770152622507886,0.028778114652867053
300,10,1,12,100,200,SG,1,5,SPOPlus,0.1,0.09946329633697402,64,65,5,300,0.09946329673752188,0.04533550375648981,0.10085716220363974,0.04364533920347727
600,10,1,12,100,200,SG,10,5,SPOPlus,0.1,0.09717019001594103,784,785,5,600,0.09717019071802496,0.040091576012725325,0.10099303317815066,0.04515599937007323
600,10,1,12,100,200,SG,30,5,SPOPlus,0.1,0.08614859501948657,1220,1221,5,600,0.08614859571680426,0.039499030944775367,0.08908732758462429,0.044784889119337826
600,10,1,12,100,200,SG,10,10,SPOPlus,0.1,0.11069785964110185,259,260,5,600,0.1106978603079915,0.043607934281773876,0.11226395134069025,0.04687084704087582
600,10,1,12,100,200,SG,30,10,SPOPlus,0.1,0.0901439912516252,959,960,5,600,0.09014399172738194,0.036953431286292034,0.09675383940804749,0.04449163246953624
600,10,1,12,100,200,SG,30,30,SPOPlus,0.1,0.10535267719700578,478,479,5,600,0.10535267788916826,0.043264825450985235,0.11065870857611299,0.04755680783008696
600,10,1,12,100,200,SG,50,5,SPOPlus,0.1,0.08718734317643459,999,1000,5,600,0.08718734364956618,0.03917010507020362,0.08987669108062983,0.045107126873849955
600,10,1,12,100,200,SG,10,30,SPOPlus,0.1,0.13849424184606396,199,200,5,600,0.1384942428022623,0.05325901748019962,0.13890147789008916,0.05363143600001087
600,10,1,12,100,200,SG,50,10,SPOPlus,0.1,0.08999312251330557,749,750,5,600,0.08999312281608582,0.042098930053639835,0.0928916752692312,0.045776931341845295
600,10,1,12,100,200,SG,30,50,SPOPlus,0.1,0.12057443876993287,299,300,5,600,0.12057443924248218,0.0482759426968258,0.12213035575486719,0.050156369537772284
600,10,1,12,100,200,SG,10,50,SPOPlus,0.1,0.10879485081170139,119,120,5,600,0.10879485089331865,0.04764369232354825,0.11380075662769377,0.04715399998266759
600,10,1,12,100,200,SG,50,50,SPOPlus,0.1,0.1213420245157787,251,252,5,600,0.12134202487766743,0.0489830188313744,0.12482618408091366,0.05078347892513565
600,10,1,12,100,200,SG,50,30,SPOPlus,0.1,0.10364083932962545,399,400,5,600,0.10364083983004094,0.04249306113375735,0.10697860271297395,0.045749115796928454
600,10,1,12,100,200,SG,1,5,SPOPlus,0.1,0.0948087960589056,122,123,5,600,0.09480879615992308,0.04187256398948322,0.09440871573239565,0.041030764153564
600,10,1,12,100,200,SG,1,50,SPOPlus,0.1,0.0577288189077622,13,14,5,600,0.057728819437325,0.02512307819664268,0.056239108567591754,0.024468968913086343
600,10,1,12,100,200,SG,1,10,SPOPlus,0.1,0.08441800447919676,66,67,5,600,0.08441800467669963,0.03812220540181952,0.08549214452318847,0.03724992152734258
600,10,1,12,100,200,SG,1,30,SPOPlus,0.1,0.06709242787695938,12,13,5,600,0.06709242839366197,0.028639567102292054,0.06452984913857654,0.02816645586397772
14400,10,1,12,100,200,cla,0,0,IMLE,0.001,0.22179488953627402,1094,1094,5,14400,0.22179489009082318,0.08048327346231368,0.22334516942501068,0.07562766532914932
14400,10,1,12,100,200,cla,0,0,IMLE,0.01,0.042058265073280234,712,712,5,14400,0.04205826513469219,0.0411854600451139,0.04324331663129851,0.052919774684988395
14400,10,1,12,100,200,cla,0,0,IMLE,0.1,0.04277757685745806,1146,1146,5,14400,0.042777577131055296,0.03545261123583654,0.04104564157105051,0.039569033465754126
14400,10,1,12,100,200,cla,0,0,SPOPlus,0.001,0.05586271373023982,42259,42259,5,14400,0.055862713903188706,0.028872545796376322,0.05656022917386144,0.029510579096987836
14400,10,1,12,100,200,cla,0,0,SPOPlus,0.01,0.03588710284074227,1195,1195,5,14400,0.03588710294803604,0.038142334933001405,0.03720838205004111,0.05016996082767702
14400,10,1,12,100,200,cla,0,0,SPOPlus,0.1,0.030240870379946036,320,320,5,14400,0.030240870448760688,0.01572898278905718,0.029588083939393984,0.020919491235242338
14400,10,1,12,100,200,SG,1,5,IMLE,0.001,0.28844094292084643,2897,2898,5,14400,0.2884409437328577,0.09678993287683402,0.2864626402184367,0.0870792214758169
14400,10,1,12,100,200,SG,1,10,IMLE,0.001,0.30710972295047667,1524,1525,5,14400,0.30710972428321837,0.09177081704910298,0.3126376822888851,0.09733040987326065
14400,10,1,12,100,200,SG,1,30,IMLE,0.001,0.3421017411701379,249,250,5,14400,0.34210174173116686,0.10712895383707888,0.3329583351537585,0.09874638814818397
14400,10,1,12,100,200,SG,10,5,IMLE,0.001,0.2746714235137977,7969,7970,5,14400,0.27467142350971696,0.08869703955169858,0.2644575704410672,0.08293697593500689
14400,10,1,12,100,200,SG,1,50,IMLE,0.001,0.35225609352616466,144,145,5,14400,0.35225609548389913,0.09364259267466027,0.3443224550783634,0.10050056546663855
14400,10,1,12,100,200,SG,10,10,IMLE,0.001,0.18655764986595422,8669,8670,5,14400,0.18655765049159526,0.0683256505118262,0.1854939734004438,0.06289538301222897
14400,10,1,12,100,200,SG,10,30,IMLE,0.001,0.28565287696801045,2189,2190,5,14400,0.28565287657082084,0.09094525466272774,0.2865613343864679,0.0900953544107925
14400,10,1,12,100,200,SG,10,50,IMLE,0.001,0.2857793158705534,2983,2984,5,14400,0.2857793171703815,0.08359818072544394,0.28063114650547505,0.08709958431361045
14400,10,1,12,100,200,SG,30,10,IMLE,0.001,0.21152996415919692,14971,14972,5,14400,0.21152996428310872,0.0704761664890245,0.21807042684406042,0.07482687894191879
14400,10,1,12,100,200,SG,30,5,IMLE,0.001,0.20119258640579227,17379,17380,5,14400,0.20119258664548398,0.06713655099473564,0.20957006356865168,0.07238300503992418
14400,10,1,12,100,200,SG,30,30,IMLE,0.001,0.1561639871147324,9389,9390,5,14400,0.15616398733109235,0.05987418874136702,0.16144679750502108,0.058468928840277525
14400,10,1,12,100,200,SG,50,5,IMLE,0.001,0.22449313684561523,18592,18593,5,14400,0.224493138641119,0.0741518763069994,0.21506029108166694,0.06967362169489856
14400,10,1,12,100,200,SG,30,50,IMLE,0.001,0.18763402762128198,6989,6990,5,14400,0.18763402730226517,0.06349786524948224,0.18532080318778754,0.06480729995008758
14400,10,1,12,100,200,SG,50,30,IMLE,0.001,0.13655060435721883,11707,11708,5,14400,0.1365506038814783,0.05480881292927013,0.13825268250145017,0.05996565020013194
14400,10,1,12,100,200,SG,50,50,IMLE,0.001,0.13268342117751733,9327,9328,5,14400,0.13268342161551117,0.045770581794408884,0.12871638579294087,0.04209495743528943
14400,10,1,12,100,200,SG,50,10,IMLE,0.001,0.1985817400731982,16082,16083,5,14400,0.19858174070715903,0.06823416776910306,0.21006178003177048,0.07083461382724766
14400,10,1,12,100,200,SG,1,5,IMLE,0.01,0.08847779948050544,2929,2930,5,14400,0.08847780032083392,0.048119215224590436,0.08757988431071863,0.05084957699268241
14400,10,1,12,100,200,SG,1,10,IMLE,0.01,0.06576596136244584,788,789,5,14400,0.06576596150174736,0.02929387788418965,0.06692145320679993,0.03328580456681532
14400,10,1,12,100,200,SG,1,30,IMLE,0.01,0.11192647427796125,276,277,5,14400,0.11192647468298673,0.04159958334944031,0.10988127150945365,0.04224114389525604
14400,10,1,12,100,200,SG,1,50,IMLE,0.01,0.2120168048190227,319,320,5,14400,0.2120168060809374,0.0711521516531581,0.20794644386321307,0.07172998625016352
14400,10,1,12,100,200,SG,10,10,IMLE,0.01,0.09785158454155043,9529,9530,5,14400,0.0978515850007534,0.043813623120696824,0.09930591896455734,0.04397770495474259
14400,10,1,12,100,200,SG,10,5,IMLE,0.01,0.1007259675911394,13139,13140,5,14400,0.10072596803307533,0.04095829596605937,0.09973851957265288,0.04193211560095846
14400,10,1,12,100,200,SG,10,30,IMLE,0.01,0.08206660895107905,4396,4397,5,14400,0.08206660907715559,0.04526789056523422,0.0874633915219456,0.05174606162663447
14400,10,1,12,100,200,SG,30,10,IMLE,0.01,0.11193909908985279,14699,14700,5,14400,0.11193909924477338,0.05818106255309611,0.11628259615320713,0.062441379390284824
14400,10,1,12,100,200,SG,10,50,IMLE,0.01,0.06846303400319646,2959,2960,5,14400,0.06846303430385887,0.03734893737935969,0.07165141526516527,0.039951459757708245
14400,10,1,12,100,200,SG,30,5,IMLE,0.01,0.10819157857082956,17202,17203,5,14400,0.1081915795058012,0.04615641886293184,0.10849788526631891,0.04918565222108011
14400,10,1,12,100,200,SG,30,30,IMLE,0.01,0.08350977815974092,9029,9030,5,14400,0.08350977887399495,0.043246917205450576,0.0844678713590838,0.045484167617650825
14400,10,1,12,100,200,SG,30,50,IMLE,0.01,0.079238328985154,6809,6810,5,14400,0.07923832918517291,0.041589361738876576,0.08062217458244413,0.04920952142207558
14400,10,1,12,100,200,SG,50,5,IMLE,0.01,0.12015240437467078,18251,18252,5,14400,0.12015240427106619,0.06059709255157009,0.12602319852635263,0.06689323215934342
14400,10,1,12,100,200,SG,50,10,IMLE,0.01,0.11686963923070058,16774,16775,5,14400,0.11686963997781277,0.06594877338836666,0.12120308436546474,0.06890273340167491
14400,10,1,12,100,200,SG,50,30,IMLE,0.01,0.08006699269935616,12199,12200,5,14400,0.08006699359044432,0.040409009991518814,0.08027414779318497,0.039969004922829045
14400,10,1,12,100,200,SG,50,50,IMLE,0.01,0.07677508325044465,9049,9050,5,14400,0.07677508361637592,0.037321839509372096,0.0774043040741235,0.0390441326911765
14400,10,1,12,100,200,SG,1,5,IMLE,0.1,0.06901842887437458,2846,2847,5,14400,0.06901842921972275,0.02889267597561898,0.06850837643723935,0.02900019902744579
14400,10,1,12,100,200,SG,1,10,IMLE,0.1,0.0722298864131206,1440,1441,5,14400,0.07222988641820847,0.029746732718687018,0.07105889988690614,0.030744816454452407
14400,10,1,12,100,200,SG,1,30,IMLE,0.1,0.07167495386803353,559,560,5,14400,0.07167495422065258,0.03428372497845079,0.0709836107972078,0.03313724727890414
14400,10,1,12,100,200,SG,10,5,IMLE,0.1,0.10542435747866366,13099,13100,5,14400,0.10542435798794031,0.039790140340285766,0.10097824750840664,0.04054414128666722
14400,10,1,12,100,200,SG,1,50,IMLE,0.1,0.06241840272622534,301,302,5,14400,0.06241840301081538,0.02583647513208887,0.06214171571424231,0.027585915556305598
14400,10,1,12,100,200,SG,10,10,IMLE,0.1,0.09541119071429643,9289,9290,5,14400,0.09541119121015072,0.03556793748305755,0.09207008384168149,0.03581513987660285
14400,10,1,12,100,200,SG,10,30,IMLE,0.1,0.07054349901424074,4059,4060,5,14400,0.0705434990581125,0.030497148820932643,0.06882242123875768,0.02873989351979833
14400,10,1,12,100,200,SG,30,5,IMLE,0.1,0.09109028453331884,12929,12930,5,14400,0.09109028469771147,0.03922554462586452,0.08872745199594646,0.03750250122105265
14400,10,1,12,100,200,SG,30,10,IMLE,0.1,0.08735362746444902,14760,14761,5,14400,0.08735362770035864,0.036436790890929396,0.08682590512745082,0.03613388016181443
14400,10,1,12,100,200,SG,10,50,IMLE,0.1,0.064935038282515,1539,1540,5,14400,0.06493503872305155,0.02925419139550172,0.06520355209708213,0.028330859191265063
14400,10,1,12,100,200,SG,30,30,IMLE,0.1,0.08673195792512363,8375,8376,5,14400,0.08673195857554675,0.036761662625336554,0.08294225029740483,0.035662015206385234
14400,10,1,12,100,200,SG,50,5,IMLE,0.1,0.09969327517392963,17617,17618,5,14400,0.09969327570870519,0.04404337667240099,0.09840754278097302,0.04376345722438269
14400,10,1,12,100,200,SG,50,10,IMLE,0.1,0.0988864327518852,15843,15844,5,14400,0.0988864335976541,0.03960651889012598,0.09534794156998395,0.04049871501675573
14400,10,1,12,100,200,SG,30,50,IMLE,0.1,0.07508743070118191,4949,4950,5,14400,0.07508743109181523,0.028961084814580918,0.07335251235682518,0.029312481979953096
14400,10,1,12,100,200,SG,1,5,SPOPlus,0.001,0.23756559485726683,3161,3162,5,14400,0.2375655958801508,0.08066447983255451,0.23120673399418593,0.07413494853265117
14400,10,1,12,100,200,SG,50,30,IMLE,0.1,0.07493760122380153,8006,8007,5,14400,0.07493760177865624,0.03206738531837975,0.07342456436809153,0.03127653727568528
14400,10,1,12,100,200,SG,50,50,IMLE,0.1,0.07108643705059425,5599,5600,5,14400,0.07108643759042024,0.03099127325045513,0.07176270173210651,0.02983793020974638
14400,10,1,12,100,200,SG,1,10,SPOPlus,0.001,0.25971209245742705,1485,1486,5,14400,0.2597120938450098,0.08306456752318575,0.26467242250591516,0.0819243983655628
14400,10,1,12,100,200,SG,1,30,SPOPlus,0.001,0.29847022823635905,538,539,5,14400,0.29847022898495196,0.10269005108294833,0.29926755066215993,0.09385962836707211
14400,10,1,12,100,200,SG,10,30,SPOPlus,0.001,0.22505348847113743,4476,4477,5,14400,0.22505348891019822,0.06861425744303865,0.22718173180893064,0.07417251001743536
14400,10,1,12,100,200,SG,1,50,SPOPlus,0.001,0.2958407676105448,339,340,5,14400,0.2958407687395811,0.09045539446604761,0.2943005576953292,0.09218400300492764
14400,10,1,12,100,200,SG,10,10,SPOPlus,0.001,0.14144199205480767,12429,12430,5,14400,0.14144199289381504,0.05110687447989575,0.14147905162721872,0.04720104266577683
14400,10,1,12,100,200,SG,10,50,SPOPlus,0.001,0.2898298829413108,2469,2470,5,14400,0.2898298828303814,0.08536623780410327,0.28594711964577435,0.08586657672896043
14400,10,1,12,100,200,SG,10,5,SPOPlus,0.001,0.1747091093405926,17796,17797,5,14400,0.1747091095149517,0.06323694844681921,0.1705835917815566,0.055613854270601844
14400,10,1,12,100,200,SG,30,50,SPOPlus,0.001,0.22433425639324833,8139,8140,5,14400,0.2243342565000057,0.06606410051795004,0.2175641198605299,0.07345780110555179
14400,10,1,12,100,200,SG,30,30,SPOPlus,0.001,0.11746457202706675,11516,11517,5,14400,0.11746457245200873,0.03467073135434203,0.11256862172856927,0.040211102842076574
14400,10,1,12,100,200,SG,30,10,SPOPlus,0.001,0.17609621825280938,14520,14521,5,14400,0.1760962189361453,0.058392734078309395,0.17623586090654134,0.05965231144433042
14400,10,1,12,100,200,SG,30,5,SPOPlus,0.001,0.10163248100507241,27647,27648,5,14400,0.10163248155266047,0.034672730281208354,0.09704864053241909,0.03756767956259867
14400,10,1,12,100,200,SG,50,30,SPOPlus,0.001,0.11929110588134463,17399,17400,5,14400,0.11929110661149026,0.043187853633045115,0.11265293859690428,0.04211610789659543
14400,10,1,12,100,200,SG,50,10,SPOPlus,0.001,0.061117129872518945,27132,27133,5,14400,0.06111713008023798,0.023546614822322655,0.05799907561857253,0.02174706647490776
14400,10,1,12,100,200,SG,50,5,SPOPlus,0.001,0.11545110121702509,31354,31355,5,14400,0.11545110136270523,0.044582522010576914,0.1080952422413975,0.038187468899692496
14400,10,1,12,100,200,SG,1,5,SPOPlus,0.01,0.0813002307604756,2998,2999,5,14400,0.08130023078992962,0.03489369244219773,0.07997217054478824,0.03378457683767531
14400,10,1,12,100,200,SG,50,50,SPOPlus,0.001,0.2100035559459138,12049,12050,5,14400,0.21000355675816537,0.06831317889511399,0.20327909283153714,0.07333642584865122
14400,10,1,12,100,200,SG,10,5,SPOPlus,0.01,0.06111032765888603,18029,18030,5,14400,0.06111032790504396,0.02841773189498794,0.06034025153983384,0.03121137222711908
14400,10,1,12,100,200,SG,1,10,SPOPlus,0.01,0.06210368291466435,1561,1562,5,14400,0.06210368303582072,0.026685055986800193,0.06292905801301822,0.025626275304275775
14400,10,1,12,100,200,SG,1,30,SPOPlus,0.01,0.0793285990534001,505,506,5,14400,0.07932859921827912,0.029459935270688648,0.07919713038764895,0.030015123959224402
14400,10,1,12,100,200,SG,1,50,SPOPlus,0.01,0.09596120727373357,332,333,5,14400,0.09596120765432715,0.04188149595226014,0.08718418426625431,0.03560108835506029
14400,10,1,12,100,200,SG,10,10,SPOPlus,0.01,0.09616111680803481,10839,10840,5,14400,0.09616111740469932,0.039254323962343025,0.09817371542518959,0.04376021478449896
14400,10,1,12,100,200,SG,30,10,SPOPlus,0.01,0.06087158668375959,22349,22350,5,14400,0.0608715869858861,0.028435511943822663,0.06099511162005365,0.03160562329936203
14400,10,1,12,100,200,SG,50,10,SPOPlus,0.01,0.05824368339262537,28558,28559,5,14400,0.05824368364177644,0.028714398781814695,0.0566080086575821,0.029575840503888985
14400,10,1,12,100,200,SG,50,5,SPOPlus,0.01,0.054483932532974066,34595,34596,5,14400,0.054483932731673124,0.02427554378850493,0.052118955759331585,0.024525993050898483
14400,10,1,12,100,200,SG,30,30,SPOPlus,0.01,0.10523675597676872,12299,12300,5,14400,0.10523675631731749,0.04218470221985278,0.1072059407606721,0.04445639211266112
14400,10,1,12,100,200,SG,10,30,SPOPlus,0.01,0.08897338666490992,4979,4980,5,14400,0.08897338697686791,0.03500215359669787,0.0915594303580001,0.03757728354225862
14400,10,1,12,100,200,SG,50,30,SPOPlus,0.01,0.08380333253972622,9249,9250,5,14400,0.0838033334352076,0.04006099871268252,0.08429752228083089,0.0423788599050301
14400,10,1,12,100,200,SG,30,5,SPOPlus,0.01,0.05738486759378022,29276,29277,5,14400,0.05738486778922379,0.025688739619599256,0.054252013650722804,0.025000155097693353
14400,10,1,12,100,200,SG,30,50,SPOPlus,0.01,0.08957066648737631,7979,7980,5,14400,0.08957066703587771,0.040692397478158095,0.09092025275528431,0.03835077869841741
14400,10,1,12,100,200,SG,10,50,SPOPlus,0.01,0.06163704977598112,3129,3130,5,14400,0.06163705049082637,0.02742582724381789,0.062731928255409,0.026331196624553348
14400,10,1,12,100,200,SG,10,5,SPOPlus,0.1,0.09684895455666295,18089,18090,5,14400,0.09684895498678088,0.03925459112911036,0.09996205671131611,0.042723570399264006
14400,10,1,12,100,200,SG,50,50,SPOPlus,0.01,0.09466991514153862,11999,12000,5,14400,0.09466991551220418,0.04108925446066394,0.09846430300734937,0.04464375333607075
14400,10,1,12,100,200,SG,1,10,SPOPlus,0.1,0.0856222359397422,1622,1623,5,14400,0.08562223624438048,0.03998218987328097,0.08257971117645502,0.03531953758631236
14400,10,1,12,100,200,SG,1,5,SPOPlus,0.1,0.09765448844077987,3107,3108,5,14400,0.09765448885038495,0.042091724661634564,0.09673722600936889,0.042078779074046474
14400,10,1,12,100,200,SG,30,10,SPOPlus,0.1,0.09266006503292548,22949,22950,5,14400,0.0926600656285882,0.03828507857312799,0.09584476630296558,0.042910602767199255
14400,10,1,12,100,200,SG,30,30,SPOPlus,0.1,0.11048445559819758,12003,12004,5,14400,0.11048445612192154,0.045893775161233774,0.11363634550943971,0.047420664757574026
14400,10,1,12,100,200,SG,30,5,SPOPlus,0.1,0.08610529450178551,29489,29490,5,14400,0.08610529532656074,0.03625686285735113,0.08896838982775808,0.040260942494710225
14400,10,1,12,100,200,SG,10,10,SPOPlus,0.1,0.11114778193415298,12189,12190,5,14400,0.1111477828770876,0.04306778233123995,0.11330377307161689,0.046700637273172405
14400,10,1,12,100,200,SG,10,30,SPOPlus,0.1,0.1384837104811494,4739,4740,5,14400,0.13848371107131244,0.05374612912473239,0.13678673068992794,0.053273155458304855
14400,10,1,12,100,200,SG,1,30,SPOPlus,0.1,0.06582928797025804,562,563,5,14400,0.06582928840070963,0.026822595995429827,0.06458931223675608,0.026984900316181486
14400,10,1,12,100,200,SG,10,50,SPOPlus,0.1,0.1077778798102732,3019,3020,5,14400,0.10777788057923317,0.046388937590481884,0.11233975405804814,0.047439397534773074
14400,10,1,12,100,200,SG,30,50,SPOPlus,0.1,0.11899736067542804,8129,8130,5,14400,0.11899736125022173,0.04855703433478244,0.1205539107490331,0.048935561225347264
14400,10,1,12,100,200,SG,50,5,SPOPlus,0.1,0.0833570715529287,32934,32935,5,14400,0.08335707228630782,0.035531520488403925,0.08649726797267794,0.040090169966189235
14400,10,1,12,100,200,SG,50,50,SPOPlus,0.1,0.11983466611047863,11843,11844,5,14400,0.11983466677367688,0.047094370537877066,0.12097184515744448,0.048844164995535864
14400,10,1,12,100,200,SG,50,30,SPOPlus,0.1,0.10309849173569827,16999,17000,5,14400,0.10309849217534066,0.042167938349929816,0.10574744517356158,0.044724953470934484
14400,10,1,12,100,200,SG,50,10,SPOPlus,0.1,0.08606501134596821,26749,26750,5,14400,0.08606501147150994,0.03596060392904637,0.08917151327803731,0.04036049135521444
